name,modelled,mean_travel,site,beta,scope,w_spec,pan2024,pan2026,fill
Blatchington Mill School,235.33317553733798,42.075523199579415,now,0.5,city,identical,330,330,0.7131308349616302
Brighton Aldridge Community Academy,211.3727212986732,50.892722973702206,now,0.5,city,identical,180,180,1.17429289610374
Cardinal Newman Catholic School,247.7126755080071,37.49888052941888,now,0.5,city,identical,360,360,0.6880907653000197
Dorothy Stringer School,231.85499063979717,43.50092572012273,now,0.5,city,identical,330,330,0.7025908807266581
Hove Park School,240.23793146996582,40.41214287358703,now,0.5,city,identical,180,180,1.3346551748331434
King's School,213.65845471293466,50.68771528916875,now,0.5,city,identical,165,180,1.2948997255329373
Longhill High School,203.06341202027465,55.85238628455406,now,0.5,city,identical,270,210,0.7520867111862024
Patcham High School,223.5819254329422,46.77148072335475,now,0.5,city,identical,225,225,0.993697446368632
Portslade Aldridge Community Academy,224.80261873087807,46.770073300386834,now,0.5,city,identical,220,220,1.0218300851403548
Varndean School,235.03395765257642,41.888951076209125,now,0.5,city,identical,300,300,0.7834465255085881
Blatchington Mill School,231.5380256710213,42.02143028385361,elm,0.5,city,identical,330,330,0.7016303808212767
Brighton Aldridge Community Academy,207.15905704647332,51.18671985015161,elm,0.5,city,identical,180,180,1.1508836502581852
Cardinal Newman Catholic School,243.39227815610954,37.54656424315057,elm,0.5,city,identical,360,360,0.6760896615447487
Dorothy Stringer School,227.41466833587094,43.70157034325139,elm,0.5,city,identical,330,330,0.6891353585935484
Hove Park School,236.30958602325384,40.38421100972429,elm,0.5,city,identical,180,180,1.3128310334625213
King's School,210.20253086135628,50.63150701373479,elm,0.5,city,identical,165,180,1.2739547324930685
Longhill High School,239.50920797372575,39.06853649521583,elm,0.5,city,identical,270,210,0.8870711406434287
Patcham High School,219.41126894229333,46.94293468591735,elm,0.5,city,identical,225,225,0.9751611952990815
Portslade Aldridge Community Academy,221.25579900316671,46.69277335664962,elm,0.5,city,identical,220,220,1.0057081772871215
Varndean School,230.4594409901162,42.1047930868814,elm,0.5,city,identical,300,300,0.7681981366337207
Blatchington Mill School,236.5117306460639,41.26039751642659,now,0.6,city,identical,330,330,0.7167022140789815
Brighton Aldridge Community Academy,208.34899796182407,49.98352909401054,now,0.6,city,identical,180,180,1.157494433121245
Cardinal Newman Catholic School,251.28809224699097,36.92159715931148,now,0.6,city,identical,360,360,0.6980224784638638
Dorothy Stringer School,232.5558583440864,42.56982618319157,now,0.6,city,identical,330,330,0.7047147222548072
Hove Park School,242.55780484759256,39.595844441975416,now,0.6,city,identical,180,180,1.3475433602644031
King's School,210.79867462800803,49.737698910683584,now,0.6,city,identical,165,180,1.2775677250182305
Longhill High School,199.72462888648423,54.24881352740989,now,0.6,city,identical,270,210,0.7397208477277194
Patcham High School,223.07313812836773,45.669781829695445,now,0.6,city,identical,225,225,0.9914361694594122
Portslade Aldridge Community Academy,225.53457439189847,45.29565679450768,now,0.6,city,identical,220,220,1.0251571563268111
Varndean School,236.25836292207086,41.07975551416361,now,0.6,city,identical,300,300,0.7875278764069029
Blatchington Mill School,232.10106510596006,41.18856253791356,elm,0.6,city,identical,330,330,0.7033365609271517
Brighton Aldridge Community Academy,203.25740491606714,50.356315502301506,elm,0.6,city,identical,180,180,1.129207805089262
Cardinal Newman Catholic School,246.12175352440386,36.97312442902712,elm,0.6,city,identical,360,360,0.6836715375677885
Dorothy Stringer School,227.20888677061058,42.802740994990934,elm,0.6,city,identical,330,330,0.6885117780927593
Hove Park School,237.95169427350132,39.55534721117943,elm,0.6,city,identical,180,180,1.3219538570750073
King's School,206.85314194822135,49.66092917981398,elm,0.6,city,identical,165,180,1.2536554057467961
Longhill High School,242.90809376066105,38.03191442362938,elm,0.6,city,identical,270,210,0.8996596065209669
Patcham High School,218.10988120994472,45.86453449230311,elm,0.6,city,identical,225,225,0.9693772498219765
Portslade Aldridge Community Academy,221.44056488754177,45.19467778661289,elm,0.6,city,identical,220,220,1.006548022216099
Varndean School,230.6993766064754,41.33750813536149,elm,0.6,city,identical,300,300,0.7689979220215847
Blatchington Mill School,237.42954141462758,40.449195446961674,now,0.7,city,identical,330,330,0.7194834588322048
Brighton Aldridge Community Academy,205.38553967845203,49.03937026885453,now,0.7,city,identical,180,180,1.1410307759914002
Cardinal Newman Catholic School,254.67270404383777,36.3209829926681,now,0.7,city,identical,360,360,0.7074241778995494
Dorothy Stringer School,233.1153867400754,41.62987688985812,now,0.7,city,identical,330,330,0.7064102628487133
Hove Park School,244.70132422356528,38.773981465693936,now,0.7,city,identical,180,180,1.3594518012420294
King's School,207.85915107298737,48.76010187594306,now,0.7,city,identical,165,180,1.259752430745378
Longhill High School,196.93018230585378,52.57007536383787,now,0.7,city,identical,270,210,0.7293710455772362
Patcham High School,222.62270150282762,44.52863955223811,now,0.7,city,identical,225,225,0.9894342289014562
Portslade Aldridge Community Academy,226.62173291418267,43.78005896954425,now,0.7,city,identical,220,220,1.0300987859735575
Varndean School,237.31359910697776,40.272793537680826,now,0.7,city,identical,300,300,0.7910453303565925
Blatchington Mill School,232.45676610732338,40.357247262863,elm,0.7,city,identical,330,330,0.7044144427494647
Brighton Aldridge Community Academy,199.38395044390174,49.49544543703324,elm,0.7,city,identical,180,180,1.107688613577232
Cardinal Newman Catholic School,248.67216456733055,36.37385262135678,elm,0.7,city,identical,360,360,0.6907560126870294
Dorothy Stringer School,226.8635589450064,41.889441976191186,elm,0.7,city,identical,330,330,0.687465330136383
Hove Park School,239.45746135628914,38.71828757837001,elm,0.7,city,identical,180,180,1.330319229757162
King's School,203.48710208805323,48.659383361465636,elm,0.7,city,identical,165,180,1.2332551641700196
Longhill High School,246.67156483717972,36.97516491759071,elm,0.7,city,identical,270,210,0.9135983882858508
Patcham High School,216.88644673687014,44.73965968140874,elm,0.7,city,identical,225,225,0.9639397632749784
Portslade Aldridge Community Academy,222.02724249836834,43.65223536364878,elm,0.7,city,identical,220,220,1.009214738628947
Varndean School,230.7456054230647,40.56986291412125,elm,0.7,city,identical,300,300,0.7691520180768823
Blatchington Mill School,238.06771028306747,39.64724563105178,now,0.8,city,identical,330,330,0.7214173038880832
Brighton Aldridge Community Academy,202.49674752608502,48.07117045064263,now,0.8,city,identical,180,180,1.1249819307004723
Cardinal Newman Catholic School,257.89607802247195,35.699375585518666,now,0.8,city,identical,360,360,0.7163779945068666
Dorothy Stringer School,233.52572431221517,40.68925188993771,now,0.8,city,identical,330,330,0.7076537100370157
Hove Park School,246.65978881121893,37.952271486996054,now,0.8,city,identical,180,180,1.3703321600623275
King's School,204.85328278054624,47.759662834337675,now,0.8,city,identical,165,180,1.2415350471548257
Longhill High School,194.69526844462695,50.83975868044444,now,0.8,city,identical,270,210,0.7210935868319517
Patcham High School,222.23324259574034,43.359305354870905,now,0.8,city,identical,225,225,0.9877033004255126
Portslade Aldridge Community Academy,228.0181676039784,42.24868414527553,now,0.8,city,identical,220,220,1.03644621638172
Varndean School,238.20585262343675,39.47352850162605,now,0.8,city,identical,300,300,0.7940195087447892
Blatchington Mill School,232.58577634618328,39.53275569318744,elm,0.8,city,identical,330,330,0.704805382867222
Brighton Aldridge Community Academy,195.54494409215832,48.61336571980617,elm,0.8,city,identical,180,180,1.0863608005119907
Cardinal Newman Catholic School,251.07302144942855,35.75069560152368,elm,0.8,city,identical,360,360,0.6974250595817459
Dorothy Stringer School,226.37388220821987,40.96857012100995,elm,0.8,city,identical,330,330,0.6859814612370299
Hove Park School,240.8173364948422,37.8785855011906,elm,0.8,city,identical,180,180,1.3378740916380123
King's School,200.11366184206221,47.63147139635231,elm,0.8,city,identical,165,180,1.212810071770074
Longhill High School,250.82836416296962,35.91027876898409,elm,0.8,city,identical,270,210,0.9289939413443319
Patcham High School,215.74590834206188,43.578172515785084,elm,0.8,city,identical,225,225,0.9588707037424973
Portslade Aldridge Community Academy,222.9662428199484,42.090921040646855,elm,0.8,city,identical,220,220,1.0134829219088564
Varndean School,230.60272524551291,39.80628823804368,elm,0.8,city,identical,300,300,0.7686757508183764
Blatchington Mill School,238.41642645574387,38.85963884503619,now,0.9,city,identical,330,330,0.7224740195628602
Brighton Aldridge Community Academy,199.69669134100724,47.0908567500933,now,0.9,city,identical,180,180,1.1094260630055959
Cardinal Newman Catholic School,260.99403528668546,35.060129151561,now,0.9,city,identical,360,360,0.724983431351904
Dorothy Stringer School,233.78135315109472,39.75640374662694,now,0.9,city,identical,330,330,0.7084283428821052
Hove Park School,248.43005799507156,37.13665315551911,now,0.9,city,identical,180,180,1.3801669888615087
King's School,201.7978194256693,46.741986685508834,now,0.9,city,identical,165,180,1.2230170874282988
Longhill High School,193.0221739580438,49.08525705484507,now,0.9,city,identical,270,210,0.7148969405853474
Patcham High School,221.90109789418844,42.17473108895128,now,0.9,city,identical,225,225,0.9862271017519486
Portslade Aldridge Community Academy,229.6642789084823,40.72730891646834,now,0.9,city,identical,220,220,1.0439285404931014
Varndean School,238.9479285874006,38.68725140768313,now,0.9,city,identical,300,300,0.7964930952913354
Blatchington Mill School,232.47678842434073,38.72017936953654,elm,0.9,city,identical,330,330,0.7044751164373961
Brighton Aldridge Community Academy,191.74664578811544,47.72029562233333,elm,0.9,city,identical,180,180,1.065259143267308
Cardinal Newman Catholic School,253.35961735910396,35.10661317839672,elm,0.9,city,identical,360,360,0.7037767148863999
Dorothy Stringer School,225.73724655414532,40.04749793124856,elm,0.9,city,identical,330,330,0.6840522622852888
Hove Park School,242.02661958087955,37.04207488390351,elm,0.9,city,identical,180,180,1.3445923310048864
King's School,196.74495127701022,46.582741461694404,elm,0.9,city,identical,165,180,1.1923936441030922
Longhill High School,255.39645439944897,34.8504303423219,elm,0.9,city,identical,270,210,0.9459127940720332
Patcham High School,214.68700667344038,42.391920540177715,elm,0.9,city,identical,225,225,0.9541644741041795
Portslade Aldridge Community Academy,224.1944890320076,40.53678342590924,elm,0.9,city,identical,220,220,1.0190658592363981
Varndean School,230.28204391489513,39.05107129466762,elm,0.9,city,identical,300,300,0.7676068130496504
Blatchington Mill School,238.47436390514702,38.09092298420636,now,1,city,identical,330,330,0.7226495875913546
Brighton Aldridge Community Academy,197.00173154686746,46.109790801800685,now,1,city,identical,180,180,1.0944540641492637
Cardinal Newman Catholic School,264.00409341594826,34.4074537318133,now,1,city,identical,360,360,0.7333447039331896
Dorothy Stringer School,233.87860038223621,38.83941760542746,now,1,city,identical,330,330,0.7087230314613219
Hove Park School,250.01330194173391,36.33290132432847,now,1,city,identical,180,180,1.3889627885651885
King's School,198.71050805466277,45.713277662798504,now,1,city,identical,165,180,1.2043061094221985
Longhill High School,191.90169927021813,47.3352172688566,now,1,city,identical,270,210,0.7107470343341412
Patcham High School,221.61562316349895,40.98857517151201,now,1,city,identical,225,225,0.9849583251711065
Portslade Aldridge Community Academy,231.49488059352652,39.239349941255554,now,1,city,identical,220,220,1.0522494572433023
Varndean School,239.55706072954803,37.91876808621293,now,1,city,identical,300,300,0.7985235357651601
Blatchington Mill School,232.126511849939,37.92419201514321,elm,1,city,identical,330,330,0.7034136722725424
Brighton Aldridge Community Academy,187.9981815721492,46.826040196692226,elm,1,city,identical,180,180,1.0444343420674955
Cardinal Newman Catholic School,255.5692975104196,34.445492838761645,elm,1,city,identical,360,360,0.7099147153067211
Dorothy Stringer School,224.9530521427101,39.13354508129879,elm,1,city,identical,330,330,0.68167591558397
Hove Park School,243.08486363445988,36.21455600148093,elm,1,city,identical,180,180,1.3504714646358882
King's School,193.3942360441108,45.519507650655115,elm,1,city,identical,165,180,1.1720862790552171
Longhill High School,260.37988104634,33.80910372885449,elm,1,city,identical,270,210,0.9643699298012594
Patcham High School,213.701786047064,41.1939018856106,elm,1,city,identical,225,225,0.9497857157647288
Portslade Aldridge Community Academy,225.64390416105897,39.01373023983396,elm,1,city,identical,220,220,1.0256541098229952
Varndean School,229.80014899513571,38.30811444508178,elm,1,city,identical,300,300,0.7660004966504523
Blatchington Mill School,238.24745273327193,37.344840996665376,now,1.1,city,identical,330,330,0.7219619779796119
Brighton Aldridge Community Academy,194.43170773352557,45.13759375233712,now,1.1,city,identical,180,180,1.080176154075142
Cardinal Newman Catholic School,266.96091436380993,33.74616752159881,now,1.1,city,identical,360,360,0.7415580954550276
Dorothy Stringer School,233.81528232609506,37.945424411828945,now,1.1,city,identical,330,330,0.7085311585639245
Hove Park School,251.41362377525385,35.54625307315279,now,1.1,city,identical,180,180,1.396742354306966
King's School,195.60796760751015,44.67999147851844,now,1.1,city,identical,165,180,1.18550283398491
Longhill High School,191.31600329104083,45.61689087661447,now,1.1,city,identical,270,210,0.7085777899668179
Patcham High School,221.35980963780733,39.814105327011134,now,1.1,city,identical,225,225,0.9838213761680326
Portslade Aldridge Community Academy,233.44669335292747,37.80393940976353,now,1.1,city,identical,220,220,1.0611213334223977
Varndean School,240.0524081821452,37.17214079453152,now,1.1,city,identical,300,300,0.800174693940484
Blatchington Mill School,231.538999002198,37.148841528867315,elm,1.1,city,identical,330,330,0.701633330309691
Brighton Aldridge Community Academy,184.31334211302539,45.93889123359149,elm,1.1,city,identical,180,180,1.02396301173903
Cardinal Newman Catholic School,257.73764631332017,33.77197996141899,elm,1.1,city,identical,360,360,0.7159379064258894
Dorothy Stringer School,224.02266823208578,38.23347687074638,elm,1.1,city,identical,330,330,0.6788565704002599
Hove Park School,243.99507690894492,35.401480293487495,elm,1.1,city,identical,180,180,1.355528205049694
King's School,190.07427035560306,44.448577659579215,elm,1.1,city,identical,165,180,1.1519652748824427
Longhill High School,265.76715171181877,32.79915291793691,elm,1.1,city,identical,270,210,0.9843227841178473
Patcham High School,212.77631659555945,39.99728029618466,elm,1.1,city,identical,225,225,0.9456725182024864
Portslade Aldridge Community Academy,227.2492619851005,37.54159660633399,elm,1.1,city,identical,220,220,1.032951190841366
Varndean School,229.1771297857312,37.58075133431583,elm,1.1,city,identical,300,300,0.7639237659524374
Blatchington Mill School,237.74755299329445,36.62416287391236,now,1.2000000000000002,city,identical,330,330,0.7204471302827105
Brighton Aldridge Community Academy,192.00911042163216,44.18163746398893,now,1.2000000000000002,city,identical,180,180,1.0667172801201787
Cardinal Newman Catholic School,269.8927317747835,33.08141126924372,now,1.2000000000000002,city,identical,360,360,0.749702032707732
Dorothy Stringer School,233.59065653597247,37.08018696790789,now,1.2000000000000002,city,identical,330,330,0.7078504743514318
Hove Park School,252.63705882875868,34.78111950998626,now,1.2000000000000002,city,identical,180,180,1.403539215715326
King's School,192.50436641645655,43.64846876779506,now,1.2000000000000002,city,identical,165,180,1.1666931297967063
Longhill High School,191.24185038990868,43.95400587427847,now,1.2000000000000002,city,identical,270,210,0.7083031495922544
Patcham High School,221.11220753278246,38.663216275642775,now,1.2000000000000002,city,identical,225,225,0.9827209223679221
Portslade Aldridge Community Academy,235.46346370374715,36.43509965300835,now,1.2000000000000002,city,identical,220,220,1.0702884713806688
Varndean School,240.4528644060512,36.450534655172675,now,1.2000000000000002,city,identical,300,300,0.8015095480201706
Blatchington Mill School,230.72468094057146,36.397402604629434,elm,1.2000000000000002,city,identical,330,330,0.6991656998199135
Brighton Aldridge Community Academy,180.71055564569613,45.065085927966294,elm,1.2000000000000002,city,identical,180,180,1.0039475313649786
Cardinal Newman Catholic School,259.8953356287285,33.091250175465376,elm,1.2000000000000002,city,identical,360,360,0.7219314878575792
Dorothy Stringer School,222.9495580697767,37.353121820990765,elm,1.2000000000000002,city,identical,330,330,0.6756047214235658
Hove Park School,244.7630527448838,34.60768722646218,elm,1.2000000000000002,city,identical,180,180,1.3597947374715766
King's School,186.79619164686937,43.37692256087855,elm,1.2000000000000002,city,identical,165,180,1.1320981311931477
Longhill High School,271.53163415267187,31.83195221072529,elm,1.2000000000000002,city,identical,270,210,1.0056727190839698
Patcham High School,211.89255414973056,38.814434515735,elm,1.2000000000000002,city,identical,225,225,0.9417446851099136
Portslade Aldridge Community Academy,228.95347158481465,36.13528595085017,elm,1.2000000000000002,city,identical,220,220,1.040697598112794
Varndean School,228.4348284396442,36.87165337189134,elm,1.2000000000000002,city,identical,300,300,0.7614494281321473
Blatchington Mill School,236.99130638782785,35.93063776441995,now,1.3,city,identical,330,330,0.7181554739025087
Brighton Aldridge Community Academy,189.75674439627176,43.24714260821204,now,1.3,city,identical,180,180,1.054204135534843
Cardinal Newman Catholic School,272.81928173891515,32.418366947132746,now,1.3,city,identical,360,360,0.7578313381636532
Dorothy Stringer School,233.20562008505604,36.24790910291605,now,1.3,city,identical,330,330,0.7066836972274425
Hove Park School,253.69111320636995,34.040926970794395,now,1.3,city,identical,180,180,1.409395073368722
King's School,189.41105720253606,42.62461123871788,now,1.3,city,identical,165,180,1.1479458012274912
Longhill High School,191.65323541429228,42.36551388930514,now,1.3,city,identical,270,210,0.7098267978307121
Patcham High School,220.849664765112,37.545729726768826,now,1.3,city,identical,225,225,0.9815540656227201
Portslade Aldridge Community Academy,237.49831688590106,35.141872978159064,now,1.3,city,identical,220,220,1.079537804026823
Varndean School,240.77552292110508,35.75618226031357,now,1.3,city,identical,300,300,0.8025850764036836
Blatchington Mill School,229.6993106176111,35.67230730123475,elm,1.3,city,identical,330,330,0.696058517023064
Brighton Aldridge Community Academy,177.21118226910306,44.208825196503454,elm,1.3,city,identical,180,180,0.9845065681616837
Cardinal Newman Catholic School,262.0660502901241,32.40874993484423,elm,1.3,city,identical,360,360,0.7279612508059004
Dorothy Stringer School,221.7394234174282,36.497152207312226,elm,1.3,city,identical,330,330,0.6719376467194794
Hove Park School,245.3969210976193,33.83722697990815,elm,1.3,city,identical,180,180,1.3633162283201072
King's School,183.56909151889946,42.31133463597758,elm,1.3,city,identical,165,180,1.1125399485993905
Longhill High School,277.63389087373895,30.916761521813658,elm,1.3,city,identical,270,210,1.0282736699027368
Patcham High School,211.0308463153812,37.656198797838236,elm,1.3,city,identical,225,225,0.9379148725128054
Portslade Aldridge Community Academy,230.7098216009277,34.8048407959337,elm,1.3,city,identical,220,220,1.0486810072769441
Varndean School,227.59532500255415,36.182825474002776,elm,1.3,city,identical,300,300,0.7586510833418472
Blatchington Mill School,235.99916388686094,35.26506011272781,now,1.4,city,identical,330,330,0.7151489814753362
Brighton Aldridge Community Academy,187.69496307233493,42.337625198015104,now,1.4,city,identical,180,180,1.0427497948463051
Cardinal Newman Catholic School,275.7512604245117,31.762007976453447,now,1.4,city,identical,360,360,0.7659757234014214
Dorothy Stringer School,232.66295801315775,35.45125161849652,now,1.4,city,identical,330,330,0.7050392667065386
Hove Park School,254.58469004195194,33.32809039557963,now,1.4,city,identical,180,180,1.4143593891219552
King's School,186.3369480614962,41.61364220239105,now,1.4,city,identical,165,180,1.1293148367363406
Longhill High School,192.52284125324425,40.86522777966425,now,1.4,city,identical,270,210,0.713047560197201
Patcham High School,220.55015037756783,36.469048024451304,now,1.4,city,identical,225,225,0.9802228905669681
Portslade Aldridge Community Academy,239.5140401891662,33.9290339934584,now,1.4,city,identical,220,220,1.0887001826780283
Varndean School,241.0348476830955,35.09044529412028,now,1.4,city,identical,300,300,0.803449492276985
Blatchington Mill School,228.48284207728605,34.97515334542188,elm,1.4,city,identical,330,330,0.6923722487190487
Brighton Aldridge Community Academy,173.83693081513516,43.37265437553807,elm,1.4,city,identical,180,180,0.9657607267507509
Cardinal Newman Catholic School,264.265556354499,31.729928132840566,elm,1.4,city,identical,360,360,0.7340709898736083
Dorothy Stringer School,220.40018095360819,35.66902116170747,elm,1.4,city,identical,330,330,0.6678793362230551
Hove Park School,245.90681971409802,33.09327692575946,elm,1.4,city,identical,180,180,1.3661489984116557
King's School,180.40012011177888,41.25811819389008,elm,1.4,city,identical,165,180,1.0933340612835083
Longhill High School,284.02536249115707,30.060371783388035,elm,1.4,city,identical,270,210,1.0519457870042854
Patcham High School,210.17242292650545,36.53138261256052,elm,1.4,city,identical,225,225,0.9340996574511353
Portslade Aldridge Community Academy,232.481911768457,33.55607629845472,elm,1.4,city,identical,220,220,1.0567359625838955
Varndean School,226.67971579086247,35.51566393330048,elm,1.4,city,identical,300,300,0.7555990526362083
Blatchington Mill School,234.7944621131364,34.62741890445289,now,1.5,city,identical,330,330,0.7114983700398073
Brighton Aldridge Community Academy,185.83943105818884,41.455423598611716,now,1.5,city,identical,180,180,1.0324412836566046
Cardinal Newman Catholic School,278.69099676446586,31.116895709058987,now,1.5,city,identical,360,360,0.7741416576790718
Dorothy Stringer School,231.9674657130217,34.691497210238325,now,1.5,city,identical,330,330,0.702931714281884
Hove Park School,255.32813051684641,32.64409081318408,now,1.5,city,identical,180,180,1.41848961398248
King's School,183.28922681766653,40.61996682250678,now,1.5,city,identical,165,180,1.1108437988949487
Longhill High School,193.8223919007658,39.46212403740459,now,1.5,city,identical,270,210,0.717860710743577
Patcham High School,220.19502693908228,35.4381386604303,now,1.5,city,identical,225,225,0.978644564173699
Portslade Aldridge Community Academy,241.48231111314897,32.79801639608396,now,1.5,city,identical,220,220,1.0976468686961316
Varndean School,241.24242006706442,34.45393558014778,now,1.5,city,identical,300,300,0.8041414002235481
Blatchington Mill School,227.09821915636414,34.30677543671051,elm,1.5,city,identical,330,330,0.68817642168595194
Brighton Aldridge Community Academy,170.60731258612304,42.55796554461077,elm,1.5,city,identical,180,180,0.9478184032562391
Cardinal Newman Catholic School,266.50174997049203,31.0599806760378,elm,1.5,city,identical,360,360,0.7402826388069224
Dorothy Stringer School,218.94167601001078,34.87101940355633,elm,1.5,city,identical,330,330,0.66345962427276
Hove Park School,246.3045345316103,32.37814000607553,elm,1.5,city,identical,180,180,1.3683585251756127
King's School,177.2948655838956,40.22284726271029,elm,1.5,city,identical,165,180,1.0745143368720944
Longhill High School,290.65257893022607,29.267033135055698,elm,1.5,city,identical,270,210,1.0764910330749113
Patcham High School,209.30132891020745,35.446582089281506,elm,1.5,city,identical,225,225,0.9302281284898108
Portslade Aldridge Community Academy,234.242407868217,32.39141980186613,elm,1.5,city,identical,220,220,1.0647382175828044
Varndean School,225.70718945624088,34.87104240893938,elm,1.5,city,identical,300,300,0.7523572981874697
Blatchington Mill School,233.4024536025648,34.01708899224925,now,1.6,city,identical,330,330,0.7072801624320145
Brighton Aldridge Community Academy,184.199884240848,40.602138562413266,now,1.6,city,identical,180,180,1.0233326902269333
Cardinal Newman Catholic School,281.6339036950026,30.487029391324597,now,1.6,city,identical,360,360,0.782316399152785
Dorothy Stringer School,231.125873441312,33.96879627872834,now,1.6,city,identical,330,330,0.7003814346706424
Hove Park School,255.93315412131147,31.989616123749116,now,1.6,city,identical,180,180,1.4218508562295082
King's School,180.27409944490134,39.64712539868369,now,1.6,city,identical,165,180,1.0925702996660687
Longhill High School,195.5223546181377,38.16101189468083,now,1.6,city,identical,270,210,0.7241568689560656
Patcham High School,219.77043554008768,34.45576622288041,now,1.6,city,identical,225,225,0.9767574912892786
Portslade Aldridge Community Academy,243.3826199812949,31.747812396100816,now,1.6,city,identical,220,220,1.1062846362786132
Varndean School,241.40708431792675,33.84665963080382,now,1.6,city,identical,300,300,0.8046902810597558
Blatchington Mill School,225.57009474566024,33.66735745540668,elm,1.6,city,identical,330,330,0.6835457416535159
Brighton Aldridge Community Academy,167.53775730916652,41.76544919989587,elm,1.6,city,identical,180,180,0.9307653183842585
Cardinal Newman Catholic School,268.775434090405,30.40362987694133,elm,1.6,city,identical,360,360,0.7465984280289027
Dorothy Stringer School,217.3751732061352,34.10440686532503,elm,1.6,city,identical,330,330,0.6587126460791976
Hove Park School,246.60302800934,31.693303731698247,elm,1.6,city,identical,180,180,1.3700168222741111
King's School,174.2577833436788,39.21020834645791,elm,1.6,city,identical,165,180,1.0561077778404775
Longhill High School,297.4611305240627,28.53862038407608,elm,1.6,city,identical,270,210,1.1017078908298619
Patcham High School,208.40554178107712,34.40623871160188,elm,1.6,city,identical,225,225,0.9262468523603428
Portslade Aldridge Community Academy,235.97151394109233,31.310729560899926,elm,1.6,city,identical,220,220,1.0725977906413287
Varndean School,224.6944060527694,34.249400505467314,elm,1.6,city,identical,300,300,0.7489813535092313
Blatchington Mill School,231.8492916033988,33.43302693468039,now,1.7000000000000002,city,identical,330,330,0.7025736109193903
Brighton Aldridge Community Academy,182.77989153001903,39.778929433705606,now,1.7000000000000002,city,identical,180,180,1.015443841833439
Cardinal Newman Catholic School,284.5702941555646,29.875752103433094,now,1.7000000000000002,city,identical,360,360,0.7904730393210129
Dorothy Stringer School,230.1465985038244,33.2824364211709,now,1.7000000000000002,city,identical,330,330,0.697413934860074
Hove Park School,256.4126129930837,31.364726784945432,now,1.7000000000000002,city,identical,180,180,1.424514516628243
King's School,177.2973437136421,38.69782013992122,now,1.7000000000000002,city,identical,165,180,1.074529355840255
Longhill High School,197.59150809118725,36.96332331066335,now,1.7000000000000002,city,identical,270,210,0.7318204003377305
Patcham High School,219.26777237883968,33.52286827008713,now,1.7000000000000002,city,identical,225,225,0.974523432794843
Portslade Aldridge Community Academy,245.20121914081284,30.77573505054243,now,1.7000000000000002,city,identical,220,220,1.1145509960946038
Varndean School,241.53533089301476,33.26816168902007,now,1.7000000000000002,city,identical,300,300,0.8051177696433826
Blatchington Mill School,223.92357043426418,33.05656315410365,elm,1.7000000000000002,city,identical,330,330,0.6785562740432248
Brighton Aldridge Community Academy,164.63861946440878,40.99542031356021,elm,1.7000000000000002,city,identical,180,180,0.9146589970244932
Cardinal Newman Catholic School,271.0815619543133,29.764957404630653,elm,1.7000000000000002,city,identical,360,360,0.7530043387619815
Dorothy Stringer School,215.71274825310851,33.36958098618138,elm,1.7000000000000002,city,identical,330,330,0.6536749947063895
Hove Park School,246.81587036022924,31.03953748942364,elm,1.7000000000000002,city,identical,180,180,1.3711992797790513
King's School,171.2925462785293,38.22393081793423,elm,1.7000000000000002,city,identical,165,180,1.0381366441122988
Longhill High School,304.3988659435492,27.87496348427865,elm,1.7000000000000002,city,identical,270,210,1.1274032071983304
Patcham High School,207.4772962987763,33.41287167152982,elm,1.7000000000000002,city,identical,225,225,0.9221213168834502
Portslade Aldridge Community Academy,237.65559897710227,30.311996581224218,elm,1.7000000000000002,city,identical,220,220,1.0802527226231922
Varndean School,223.6551850391062,33.65082273217554,elm,1.7000000000000002,city,identical,300,300,0.7455172834636873
Blatchington Mill School,230.16104294428885,32.87394493374236,now,1.8,city,identical,330,330,0.6974577058917844
Brighton Aldridge Community Academy,181.57736288311406,38.986679645587586,now,1.8,city,identical,180,180,1.0087631271284114
Cardinal Newman Catholic School,287.4872384000015,29.285710753210815,now,1.8,city,identical,360,360,0.7985756622222264
Dorothy Stringer School,229.03939686609468,32.631097163254054,now,1.8,city,identical,330,330,0.6940587783821051
Hove Park School,256.7800862689042,30.769018204799792,now,1.8,city,identical,180,180,1.4265560348272455
King's School,174.36461781735363,37.773991710057835,now,1.8,city,identical,165,180,1.056755259499113
Longhill High School,199.99673382353058,35.86787460334159,now,1.8,city,identical,270,210,0.740728643790854
Patcham High School,218.68344513231526,32.638982105041734,now,1.8,city,identical,225,225,0.9719264228102901
Portslade Aldridge Community Academy,246.93014600198563,29.878019237928026,now,1.8,city,identical,220,220,1.1224097545544802
Varndean School,241.63179286579884,32.717651864320125,now,1.8,city,identical,300,300,0.8054393095526629
Blatchington Mill School,222.183074789297,32.47366712249337,elm,1.8,city,identical,330,330,0.6732820448160515
Brighton Aldridge Community Academy,161.91500213698788,40.24801571028391,elm,1.8,city,identical,180,180,0.8995277896499326
Cardinal Newman Catholic School,273.4107115732512,29.14730194315584,elm,1.8,city,identical,360,360,0.7594741988145867
Dorothy Stringer School,213.96671311770749,32.66625453657396,elm,1.8,city,identical,330,330,0.6483839791445681
Hove Park School,246.95664756336893,30.417009046449,elm,1.8,city,identical,180,180,1.3719813753520496
King's School,168.40227585274067,37.266795078123806,elm,1.8,city,identical,165,180,1.0206198536529738
Longhill High School,311.4180735687343,27.27426489914751,elm,1.8,city,identical,270,210,1.1534002724767938
Patcham High School,206.51281245018438,32.46740611940424,elm,1.8,city,identical,225,225,0.9178347220008195
Portslade Aldridge Community Academy,239.28606610375647,29.391913107194515,elm,1.8,city,identical,220,220,1.0876639368352568
Varndean School,222.60048584735893,33.075105805493145,elm,1.8,city,identical,300,300,0.7420016194911964
Blatchington Mill School,228.3628213766698,32.338449202964526,now,1.9000000000000001,city,identical,330,330,0.6920085496262721
Brighton Aldridge Community Academy,180.58548547747745,38.22607100665173,now,1.9000000000000001,city,identical,180,180,1.003252697097097
Cardinal Newman Catholic School,290.3702444106304,28.71886370928004,now,1.9000000000000001,city,identical,360,360,0.8065840122517511
Dorothy Stringer School,227.81498565842585,32.01306918270994,now,1.9000000000000001,city,identical,330,330,0.6903484413891693
Hove Park School,257.04939538139115,30.20176323458074,now,1.9000000000000001,city,identical,180,180,1.4280521965632842
King's School,171.48155369253655,36.87692342626319,now,1.9000000000000001,city,identical,165,180,1.0392821435911306
Longhill High School,202.70316932225148,34.87153393662429,now,1.9000000000000001,city,identical,270,210,0.7507524789713018
Patcham High School,218.01817455314682,31.802655086875777,now,1.9000000000000001,city,identical,225,225,0.9689696646806525
Portslade Aldridge Community Academy,248.56626914633307,29.050275736085172,now,1.9000000000000001,city,identical,220,220,1.1298466779378775
Varndean School,241.69976398452465,32.19411420425412,now,1.9000000000000001,city,identical,300,300,0.8056658799484155
Blatchington Mill School,220.37147633788518,31.91767374248582,elm,1.9000000000000001,city,identical,330,330,0.667792352539046
Brighton Aldridge Community Academy,159.3671779937654,39.52329343423995,elm,1.9000000000000001,city,identical,180,180,0.8853732110764745
Cardinal Newman Catholic School,275.750593730088,28.553222636658823,elm,1.9000000000000001,city,identical,360,360,0.7659738714724666
Dorothy Stringer School,212.1491626406592,31.993625865250834,elm,1.9000000000000001,city,identical,330,330,0.64287625042624
Hove Park School,247.0384281715847,29.825405588539002,elm,1.9000000000000001,city,identical,180,180,1.3724357120643595
King's School,165.5896664610225,36.340700842659935,elm,1.9000000000000001,city,identical,165,180,1.003573736127409
Longhill High School,318.47665356539306,26.733535522062002,elm,1.9000000000000001,city,identical,270,210,1.1795431613533076
Patcham High School,205.51167454424385,31.56953159696539,elm,1.9000000000000001,city,identical,225,225,0.9133852201966394
Portslade Aldridge Community Academy,240.85839897632243,28.546322677570604,elm,1.9000000000000001,city,identical,220,220,1.0948109044378291
Varndean School,221.53863058242297,32.52181686263839,elm,1.9000000000000001,city,identical,300,300,0.7384621019414099
Blatchington Mill School,226.47811021153018,31.82513953867229,now,2,city,identical,330,330,0.6862973036713036
Brighton Aldridge Community Academy,179.7938199481762,37.4976059125362,now,2,city,identical,180,180,0.9988545552676455
Cardinal Newman Catholic School,293.2046384308812,28.176526023991133,now,2,city,identical,360,360,0.8144573289746699
Dorothy Stringer School,226.48468532624642,31.426430277666288,now,2,city,identical,330,330,0.6863172282613528
Hove Park School,257.23412620654335,29.662027658672,now,2,city,identical,180,180,1.4290784789252409
King's School,168.65370288205006,36.007355389050765,now,2,city,identical,165,180,1.0221436538306063
Longhill High School,205.67469356822676,33.96977950114132,now,2,city,identical,270,210,0.7617581243267658
Patcham High School,217.27608745233098,31.01179916569723,now,2,city,identical,225,225,0.9656714997881377
Portslade Aldridge Community Academy,250.11032369878302,28.287823694834046,now,2,city,identical,220,220,1.136865107721741
Varndean School,241.7416752786191,31.69639407680982,now,2,city,identical,300,300,0.8058055842620637
Blatchington Mill School,218.5094769977666,31.387417516817827,elm,2,city,identical,330,330,0.6621499302962625
Brighton Aldridge Community Academy,156.9913604884338,38.82127072359862,elm,2,city,identical,180,180,0.8721742249357434
Cardinal Newman Catholic School,278.0874425809743,27.98452015693218,elm,2,city,identical,360,360,0.7724651182804843
Dorothy Stringer School,210.27167332170237,31.350531756764543,elm,2,city,identical,330,330,0.6371868888536435
Hove Park School,247.0733461787099,29.264048950834486,elm,2,city,identical,180,180,1.3726297009928328
King's School,162.85703493955128,35.4467749454314,elm,2,city,identical,165,180,0.9870123329669774
Longhill High School,325.53845307906175,26.248999270212508,elm,2,city,identical,270,210,1.2056979743668954
Patcham High School,204.47607661898172,30.718044008620204,elm,2,city,identical,225,225,0.9087825627510299
Portslade Aldridge Community Academy,242.3713065179836,27.77057172984787,elm,2,city,identical,220,220,1.1016877568999255
Varndean School,220.47569228022186,31.990345569659787,elm,2,city,identical,300,300,0.7349189742674063
Blatchington Mill School,224.52830257992278,31.332673594991515,now,2.1,city,identical,330,330,0.6803887956967357
Brighton Aldridge Community Academy,179.1893753488452,36.80160599763795,now,2.1,city,identical,180,180,0.9954965297158067
Cardinal Newman Catholic School,295.976598659299,27.659440351239233,now,2.1,city,identical,360,360,0.8221572184980528
Dorothy Stringer School,225.06010534414065,30.869178427659687,now,2.1,city,identical,330,330,0.6820003192246686
Hove Park School,257.3472211549574,29.148757970019002,now,2.1,city,identical,180,180,1.429706784194208
King's School,165.8864053496454,35.16559595136949,now,2.1,city,identical,165,180,1.0053721536342146
Longhill High School,208.87463053433956,33.15715563273037,now,2.1,city,identical,270,210,0.7736097427197761
Patcham High School,216.46378232583643,30.26397343602082,now,2.1,city,identical,225,225,0.9620612547814953
Portslade Aldridge Community Academy,251.56595001749173,27.585926142185418,now,2.1,city,identical,220,220,1.1434815909885987
Varndean School,241.75949168890912,31.223266281230593,now,2.1,city,identical,300,300,0.8058649722963638
Blatchington Mill School,216.61528029218465,30.881642593384697,elm,2.1,city,identical,330,330,0.6564099402793474
Brighton Aldridge Community Academy,154.78061767539594,38.14192993869821,elm,2.1,city,identical,180,180,0.8598923204188663
Cardinal Newman Catholic School,280.4071895318286,27.442301240618725,elm,2.1,city,identical,360,360,0.778908859810635
Dorothy Stringer School,208.34514080422133,30.735577978020395,elm,2.1,city,identical,330,330,0.6313489115279435
Hove Park School,247.0723229146136,28.731998475622767,elm,2.1,city,identical,180,180,1.3726240161922978
King's School,160.2063272050999,34.58549901155822,elm,2.1,city,identical,165,180,0.9709474376066661
Longhill High School,332.573010197542,25.816436890168045,elm,2.1,city,identical,270,210,1.2317518896205257
Patcham High School,203.41008142882157,29.91114370394278,elm,2.1,city,identical,225,225,0.9040448063503181
Portslade Aldridge Community Academy,243.82592835028598,27.059779287949556,elm,2.1,city,identical,220,220,1.1082996743194817
Varndean School,219.41596460339375,31.479951705695004,elm,2.1,city,identical,300,300,0.7313865486779791
Blatchington Mill School,222.53245056697833,30.859802638320257,now,2.2,city,identical,330,330,0.6743407592938737
Brighton Aldridge Community Academy,178.75756196811486,36.13820440845445,now,2.2,city,identical,180,180,0.993097566489527
Cardinal Newman Catholic School,298.6738497519976,27.16786182760798,now,2.2,city,identical,360,360,0.8296495826444377
Dorothy Stringer School,223.55287993223993,30.339326605368388,now,2.2,city,identical,330,330,0.6774329694916361
Hove Park School,257.40067394181665,28.66084431304312,now,2.2,city,identical,180,180,1.4300037441212037
King's School,163.184636781812,34.35162266139986,now,2.2,city,identical,165,180,0.9889977986776485
Longhill High School,212.26653982726398,32.42764017396969,now,2.2,city,identical,270,210,0.7861723697306073
Patcham High School,215.58947743686213,29.55659419898316,now,2.2,city,identical,225,225,0.9581754552749427
Portslade Aldridge Community Academy,252.9387815399476,26.939949650926607,now,2.2,city,identical,220,220,1.149721734272489
Varndean School,241.7550112563542,30.77348608555132,now,2.2,city,identical,300,300,0.8058500375211807
Blatchington Mill School,214.70449252966912,30.39906229028581,elm,2.2,city,identical,330,330,0.6506196743323307
Brighton Aldridge Community Academy,152.7257823441563,37.48521146674423,elm,2.2,city,identical,180,180,0.8484765685786461
Cardinal Newman Catholic School,282.696371580036,26.92707050211746,elm,2.2,city,identical,360,360,0.7852676988334333
Dorothy Stringer School,206.37972020675357,30.14724584780846,elm,2.2,city,identical,330,330,0.6253930915356168
Hove Park School,247.04492242010238,28.22813805949982,elm,2.2,city,identical,180,180,1.372471791222791
King's School,157.63910634408475,33.75684085287506,elm,2.2,city,identical,165,180,0.9553885232974834
Longhill High School,339.5549525811519,25.431457218960734,elm,2.2,city,identical,270,210,1.2576109354857476
Patcham High School,202.31897262935945,29.14667784424502,elm,2.2,city,identical,225,225,0.8991954339082642
Portslade Aldridge Community Academy,245.22510344978113,26.40903769118453,elm,2.2,city,identical,220,220,1.1146595611353687
Varndean School,218.36243891829267,30.989808326095392,elm,2.2,city,identical,300,300,0.7278747963943089
Blatchington Mill School,220.5071902814119,30.405386347940006,now,2.3,city,identical,330,330,0.6682036069133694
Brighton Aldridge Community Academy,178.48297990466116,35.5073404089477,now,2.3,city,identical,180,180,0.9915721105814509
Cardinal Newman Catholic School,301.2860600170395,26.701646910949727,now,2.3,city,identical,360,360,0.8369057222695542
Dorothy Stringer School,221.97445123666716,29.834965802911807,now,2.3,city,identical,330,330,0.6726498522323248
Hove Park School,257.40533381131877,28.19716303743755,now,2.3,city,identical,180,180,1.4300296322851043
King's School,160.5528704456835,33.56516864498894,now,2.3,city,identical,165,180,0.9730476996708092
Longhill High School,215.8149852887472,31.774935808700413,now,2.3,city,identical,270,210,0.7993147603286934
Patcham High School,214.66229337810913,28.8870808290234,now,2.3,city,identical,225,225,0.9540546372360406
Portslade Aldridge Community Academy,254.2356326471184,26.345465878419333,now,2.3,city,identical,220,220,1.1556165120323563
Varndean School,241.73006599263047,30.34582565052643,now,2.3,city,identical,300,300,0.8057668866421016
Blatchington Mill School,212.79019825973526,29.93840111901444,elm,2.3,city,identical,330,330,0.6448187826052584
Brighton Aldridge Community Academy,150.81627077075595,36.851004004800146,elm,2.3,city,identical,180,180,0.8378681709486442
Cardinal Newman Catholic School,284.94276804991995,26.438834528684723,elm,2.3,city,identical,360,360,0.7915076890275554
Dorothy Stringer School,204.384829482046,29.583975358739654,elm,2.3,city,identical,330,330,0.6193479681274121
Hove Park School,246.9993175974925,27.751246391561935,elm,2.3,city,identical,180,180,1.3722184310971806
King's School,155.15653778061932,32.96037803700026,elm,2.3,city,identical,165,180,0.9403426532158746
Longhill High School,346.4632528316447,25.08969688959609,elm,2.3,city,identical,270,210,1.2831972327097951
Patcham High School,201.20872928941952,28.422326011784875,elm,2.3,city,identical,225,225,0.8942610190640867
Portslade Aldridge Community Academy,246.57272385054142,25.81355551861338,elm,2.3,city,identical,220,220,1.1207851084115519
Varndean School,217.3172350912127,30.519039794386387,elm,2.3,city,identical,300,300,0.7243907836373756
Blatchington Mill School,218.46679954156636,29.96839356843878,now,2.4000000000000004,city,identical,330,330,0.6620206046714132
Brighton Aldridge Community Academy,178.35003791602514,34.90875977250241,now,2.4000000000000004,city,identical,180,180,0.9908335439779175
Cardinal Newman Catholic School,303.80500009955114,26.260338717281428,now,2.4000000000000004,city,identical,360,360,0.8439027780543087
Dorothy Stringer School,220.33589445634252,29.35430304526757,now,2.4000000000000004,city,identical,330,330,0.6676845286555834
Hove Park School,257.37080880897133,27.756603590626586,now,2.4000000000000004,city,identical,180,180,1.4298378267165075
King's School,157.99497240374717,32.80579320421603,now,2.4000000000000004,city,identical,165,180,0.9575452872954374
Longhill High School,219.48620773672903,31.19269613393791,now,2.4000000000000004,city,identical,270,210,0.8129118805064038
Patcham High School,213.6916834989888,28.252949424141786,now,2.4000000000000004,city,identical,225,225,0.9497408155510613
Portslade Aldridge Community Academy,255.4638236092614,25.798309805482166,now,2.4000000000000004,city,identical,220,220,1.1611991982239154
Varndean School,241.68663493220438,29.93909835337267,now,2.4000000000000004,city,identical,300,300,0.8056221164406813
Blatchington Mill School,210.88315012159063,29.498422518841068,elm,2.4000000000000004,city,identical,330,330,0.6390398488533049
Brighton Aldridge Community Academy,149.04076806977275,36.23913691092442,elm,2.4000000000000004,city,identical,180,180,0.8280042670542931
Cardinal Newman Catholic School,287.1357902744356,25.97720638371933,elm,2.4000000000000004,city,identical,360,360,0.7975994174289878
Dorothy Stringer School,202.36918280450982,29.044226825425188,elm,2.4000000000000004,city,identical,330,330,0.613239947892454
Hove Park School,246.94233787726668,27.300051121049048,elm,2.4000000000000004,city,identical,180,180,1.371901877095926
King's School,152.75938009362073,32.19540663288119,elm,2.4000000000000004,city,identical,165,180,0.9258144248098227
Longhill High School,353.28048190699184,24.78695702134266,elm,2.4000000000000004,city,identical,270,210,1.3084462292851549
Patcham High School,200.08562143579678,27.735734372761037,elm,2.4000000000000004,city,identical,225,225,0.8892694286035413
Portslade Aldridge Community Academy,247.87319525737772,25.268753178508984,elm,2.4000000000000004,city,identical,220,220,1.1266963420789897
Varndean School,216.28195516202473,30.066753867275818,elm,2.4000000000000004,city,identical,300,300,0.7209398505400825
Blatchington Mill School,216.42334489794348,29.547894610189964,now,2.5,city,identical,330,330,0.655828317872556
Brighton Aldridge Community Academy,178.34341665682604,34.34202157286619,now,2.5,city,identical,180,180,0.9907967592045891
Cardinal Newman Catholic School,306.2245257475249,25.84324407196916,now,2.5,city,identical,360,360,0.8506236826320137
Dorothy Stringer School,218.647779470368,28.895680659098023,now,2.5,city,identical,330,330,0.6625690286980849
Hove Park School,257.30544905533577,27.338084063002416,now,2.5,city,identical,180,180,1.4294747169740876
King's School,155.51413628099553,32.07293726883348,now,2.5,city,identical,165,180,0.9425099168545183
Longhill High School,223.24866214788818,30.674695754003473,now,2.5,city,identical,270,210,0.8268468968440303
Patcham High School,212.68700372168976,27.65186667262199,now,2.5,city,identical,225,225,0.9452755720963989
Portslade Aldridge Community Academy,256.63065886605,25.294606931731284,now,2.5,city,identical,220,220,1.1665029948456818
Varndean School,241.62688615876556,29.55217345925479,now,2.5,city,identical,300,300,0.8054229538625518
Blatchington Mill School,208.9920215170432,29.077945577917433,elm,2.5,city,identical,330,330,0.6333091561122521
Brighton Aldridge Community Academy,147.38776923471,35.64937610495826,elm,2.5,city,identical,180,180,0.8188209401928332
Cardinal Newman Catholic School,289.26666636332266,25.54150240352611,elm,2.5,city,identical,360,360,0.8035185176758962
Dorothy Stringer School,200.34083166349274,28.526523884527688,elm,2.5,city,identical,330,330,0.6070934292833113
Hove Park School,246.87956988455866,26.873268769425543,elm,2.5,city,identical,180,180,1.371553166025326
King's School,150.44798515813136,31.46103194221365,elm,2.5,city,identical,165,180,0.9118059706553415
Longhill High School,359.9921433349008,24.519288736607063,elm,2.5,city,identical,270,210,1.3333042345737067
Patcham High School,198.95591090451373,27.084606677986194,elm,2.5,city,identical,225,225,0.8842484929089499
Portslade Aldridge Community Academy,249.13101611450364,24.77032112267404,elm,2.5,city,identical,220,220,1.1324137096113802
Varndean School,215.2579488282105,29.632067355668234,elm,2.5,city,identical,300,300,0.717526496094035
Blatchington Mill School,214.38688079381666,29.143049251386323,now,2.6,city,identical,330,330,0.6496572145267171
Brighton Aldridge Community Academy,178.44839884774922,33.80651064339752,now,2.6,city,identical,180,180,0.9913799935986067
Cardinal Newman Catholic School,308.5404423843303,25.449499826137203,now,2.6,city,identical,360,360,0.8570567844009175
Dorothy Stringer School,216.92006457291367,28.457582180640912,now,2.6,city,identical,330,330,0.6573335290088294
Hove Park School,257.2163886927384,26.940558977373605,now,2.6,city,identical,180,180,1.42897993718188
King's School,153.11285589776767,31.365965411295292,now,2.6,city,identical,165,180,0.9279567024107132
Longhill High School,227.07340616060324,30.214952873005117,now,2.6,city,identical,270,210,0.8410126154096417
Patcham High School,211.65720325040698,27.08167510426588,now,2.6,city,identical,225,225,0.9406986811129199
Portslade Aldridge Community Academy,257.74305569802357,24.83077928446091,now,2.6,city,identical,220,220,1.1715593440819254
Varndean School,241.5531667050375,29.183983421823697,now,2.6,city,identical,300,300,0.805177222350125
Blatchington Mill School,207.12368278804297,28.675853698929043,elm,2.6,city,identical,330,330,0.6276475236001302
Brighton Aldridge Community Academy,145.84598362623169,35.08142346790063,elm,2.6,city,identical,180,180,0.81025546459017606
Cardinal Newman Catholic School,291.3284695563365,25.13082667180055,elm,2.6,city,identical,360,360,0.8092457487676014
Dorothy Stringer School,198.30720147019116,28.029481044575007,elm,2.6,city,identical,330,330,0.6009309135460338
Hove Park School,246.81548719503732,26.46963272137706,elm,2.6,city,identical,180,180,1.3711971510835406
King's School,148.22230824486655,30.7562408055504,elm,2.6,city,identical,165,180,0.8983170196658579
Longhill High School,366.58612462650615,24.283039743823586,elm,2.6,city,identical,270,210,1.3577263875055783
Patcham High School,197.82563752831265,26.466761117020063,elm,2.6,city,identical,225,225,0.8792250556813895
Portslade Aldridge Community Academy,250.35047404631877,24.31424981597894,elm,2.6,city,identical,220,220,1.1379567002105397
Varndean School,214.24649392154356,29.214125377313778,elm,2.6,city,identical,300,300,0.7141549797384785
Blatchington Mill School,212.36567214661068,28.75309329380386,now,2.7,city,identical,330,330,0.6435323398382142
Brighton Aldridge Community Academy,178.65109082904837,33.30145445365499,now,2.7,city,identical,180,180,0.9925060601613799
Cardinal Newman Catholic School,310.75029968496193,25.078127763969917,now,2.7,city,identical,360,360,0.8631952769026721
Dorothy Stringer School,215.162018902072,28.038629282611495,now,2.7,city,identical,330,330,0.6520061178850667
Hove Park School,257.1096267694959,26.563022118627988,now,2.7,city,identical,180,180,1.4283868153860884
King's School,150.7929299669391,30.68419661880646,now,2.7,city,identical,165,180,0.9138965452541764
Longhill High School,230.9343446619176,29.807812381669574,now,2.7,city,identical,270,210,0.8553123876367319
Patcham High School,210.61061482519682,26.540398928363118,now,2.7,city,identical,225,225,0.9360471770008747
Portslade Aldridge Community Academy,258.8073068287266,24.40353786903146,now,2.7,city,identical,220,220,1.1763968492214847
Varndean School,241.46795838841828,28.833525842720352,now,2.7,city,identical,300,300,0.804893194628061
Blatchington Mill School,205.28347397986477,28.291097672838955,elm,2.7,city,identical,330,330,0.6220711332723174
Brighton Aldridge Community Academy,144.40462018877548,34.5349191059006,elm,2.7,city,identical,180,180,0.8022478899376415
Cardinal Newman Catholic School,293.3160369618143,24.744141330424206,elm,2.7,city,identical,360,360,0.814766769338373
Dorothy Stringer School,196.27511910104795,27.551818989674207,elm,2.7,city,identical,330,330,0.5947730881849937
Hove Park School,246.75359117858903,26.087911732331072,elm,2.7,city,identical,180,180,1.3708532843254946
King's School,146.08192702490308,30.079956840598914,elm,2.7,city,identical,165,180,0.8853450122721399
Longhill High School,373.05227090768767,24.074872970837294,elm,2.7,city,identical,270,210,1.3816750774358804
Patcham High School,196.70047173989173,25.88016147721007,elm,2.7,city,identical,225,225,0.8742243188439632
Portslade Aldridge Community Academy,251.53544835856917,23.89683938353091,elm,2.7,city,identical,220,220,1.1433429470844054
Varndean School,213.24890356224412,28.812114663551455,elm,2.7,city,identical,300,300,0.7108296785408137
Blatchington Mill School,210.3664201260071,28.377325475434944,now,2.8000000000000003,city,identical,330,330,0.6374740003818398
Brighton Aldridge Community Academy,178.9385585066397,32.82594304366672,now,2.8000000000000003,city,identical,180,180,0.9941031028146651
Cardinal Newman Catholic School,312.8531532269029,24.728078611086577,now,2.8000000000000003,city,identical,360,360,0.869036536741397
Dorothy Stringer School,213.38217071225432,27.637573126668258,now,2.8000000000000003,city,identical,330,330,0.6466126385219828
Hove Park School,256.99013077123413,26.204506459864884,now,2.8000000000000003,city,identical,180,180,1.4277229487290786
King's School,148.55549153374054,30.026926094303306,now,2.8000000000000003,city,identical,165,180,0.9003363123257002
Longhill High School,234.80834567585637,29.447996958459353,now,2.8000000000000003,city,identical,270,210,0.8696605395402088
Patcham High School,209.5548240654352,26.026237590852904,now,2.8000000000000003,city,identical,225,225,0.9313547736241565
Portslade Aldridge Community Academy,259.82895330443023,24.00986720472548,now,2.8000000000000003,city,identical,220,220,1.1810406968383191
Varndean School,241.37381508088671,28.49986181241006,now,2.8000000000000003,city,identical,300,300,0.8045793836029557
Blatchington Mill School,203.47545782481328,27.922695089650883,elm,2.8000000000000003,city,identical,330,330,0.6165922964388281
Brighton Aldridge Community Academy,143.05357415283456,34.009445724598805,elm,2.8000000000000003,city,identical,180,180,0.7947420786268586
Cardinal Newman Catholic School,295.22581905205396,24.380322811952695,elm,2.8000000000000003,city,identical,360,360,0.8200717195890388
Dorothy Stringer School,194.25083155839266,27.092370598268243,elm,2.8000000000000003,city,identical,330,330,0.5886388835102808
Hove Park School,246.69655060818167,25.726921222625244,elm,2.8000000000000003,city,identical,180,180,1.3705363922676759
King's School,144.0260676459362,29.431080906192967,elm,2.8000000000000003,city,identical,165,180,0.8728852584602194
Longhill High School,379.3820678053939,23.89176626467049,elm,2.8000000000000003,city,identical,270,210,1.405118769649607
Patcham High School,195.58561778657744,25.322929872253308,elm,2.8000000000000003,city,identical,225,225,0.8692694123847886
Portslade Aldridge Community Academy,252.68930112985367,23.51469543029561,elm,2.8000000000000003,city,identical,220,220,1.1485877324084257
Varndean School,212.2665754393499,28.425271690527847,elm,2.8000000000000003,city,identical,300,300,0.7075552514644997
Blatchington Mill School,208.39447816558157,28.01509576162067,now,2.9000000000000004,city,identical,330,330,0.6314984186835805
Brighton Aldridge Community Academy,179.29889780416514,32.37895073832686,now,2.9000000000000004,city,identical,180,180,0.9961049878009174
Cardinal Newman Catholic School,314.84931959400654,24.398266329310065,now,2.9000000000000004,city,identical,360,360,0.8745814433166849
Dorothy Stringer School,211.58827881061652,27.253282682043185,now,2.9000000000000004,city,identical,330,330,0.6411766024564137
Hove Park School,256.8619504415995,25.864082615558825,now,2.9000000000000004,city,identical,180,180,1.427010835786664
King's School,146.4010548865838,29.393440189935742,now,2.9000000000000004,city,identical,165,180,0.8872791205247503
Longhill High School,238.67524776882644,29.130633075914588,now,2.9000000000000004,city,identical,270,210,0.8839823991438016
Patcham High School,208.49659994792307,25.53755231041778,now,2.9000000000000004,city,identical,225,225,0.9266515553241026
Portslade Aldridge Community Academy,260.81274198846114,23.647005918272736,now,2.9000000000000004,city,identical,220,220,1.1855124635839143
Varndean School,241.27329359562347,28.18211202499713,now,2.9000000000000004,city,identical,300,300,0.8042443119854116
Blatchington Mill School,201.70264459193044,27.569727520326158,elm,2.9000000000000004,city,identical,330,330,0.611220135127062
Brighton Aldridge Community Academy,141.78353585736747,33.50453442657946,elm,2.9000000000000004,city,identical,180,180,0.7876863103187082
Cardinal Newman Catholic School,297.05569187546354,24.03820524075463,elm,2.9000000000000004,city,identical,360,360,0.8251546996540654
Dorothy Stringer School,192.2400183028345,26.65008025294017,elm,2.9000000000000004,city,identical,330,330,0.5825455100085893
Hove Park School,246.6463324372507,25.385529315919975,elm,2.9000000000000004,city,identical,180,180,1.3702574024291705
King's School,142.05363583237133,28.808519419594088,elm,2.9000000000000004,city,identical,165,180,0.8609311262567959
Longhill High School,385.5684126832861,23.73100008969256,elm,2.9000000000000004,city,identical,270,210,1.4280311580862448
Patcham High School,194.4857551786328,24.79334692359763,elm,2.9000000000000004,city,identical,225,225,0.8643811341272568
Portslade Aldridge Community Academy,253.8148371391209,23.1647160801401,elm,2.9000000000000004,city,identical,220,220,1.1537038051778223
Varndean School,211.30099910512948,28.052886558985552,elm,2.9000000000000004,city,identical,300,300,0.7043366636837649
Blatchington Mill School,206.45405083749316,27.66579549080316,now,3,city,identical,330,330,0.6256183358711914
Brighton Aldridge Community Academy,179.7212564390922,31.959358528042564,now,3,city,identical,180,180,0.9984514246616233
Cardinal Newman Catholic School,316.7401421649894,24.08759417411244,now,3,city,identical,360,360,0.8798337282360816
Dorothy Stringer School,209.7873244106626,26.884731823929144,now,3,city,identical,330,330,0.6357191648807957
Hove Park School,256.7283331786794,25.54085675690734,now,3,city,identical,180,180,1.42626851765933
King's School,144.3295735313395,28.783026281202922,now,3,city,identical,165,180,0.8747246880687242
Longhill High School,242.51778058720723,28.85125800736142,now,3,city,identical,270,210,0.8982140021748416
Patcham High School,207.44187139354128,25.07284929564874,now,3,city,identical,225,225,0.9219638728601834
Portslade Aldridge Community Academy,261.76264348007004,23.312426034817047,now,3,city,identical,220,220,1.189830197636682
Varndean School,241.16888698031252,27.879451738099043,now,3,city,identical,300,300,0.8038962899343751
Blatchington Mill School,199.9671859837402,27.23133648740461,elm,3,city,identical,330,330,0.6059611696476975
Brighton Aldridge Community Academy,140.58604032136594,33.01967136546959,elm,3,city,identical,180,180,0.781033557340922
Cardinal Newman Catholic School,298.80475545137796,23.716612817690695,elm,3,city,identical,360,360,0.830013209587161
Dorothy Stringer School,190.24780052715158,26.223998575786652,elm,3,city,identical,330,330,0.5765084864459139
Hove Park School,246.60431971753283,25.062659215153985,elm,3,city,identical,180,180,1.3700239984307379
King's School,140.16325107242986,28.211203103739123,elm,3,city,identical,165,180,0.8494742489238173
Longhill High School,391.605451884502,23.590138278139655,elm,3,city,identical,270,210,1.4503905625351925
Patcham High School,193.4050089667174,24.289843944554256,elm,3,city,identical,225,225,0.8595778176298551
Portslade Aldridge Community Academy,254.9143134626429,22.844073964593502,elm,3,city,identical,220,220,1.158701424830195
Varndean School,210.35373561592667,27.6943035723464,elm,3,city,identical,300,300,0.7011791187197556
