name,intake,from_new,mean_travel,entry_year,pan,fill,city_mean_travel,config
Blatchington Mill School,330,5.601122593399018,28.66697554972003,2026,330,1,30.512753022443487,"A. Today: Ovingdean, PAN 210, current catchments"
Brighton Aldridge Community Academy,173.18578495135662,6.181678358276025,35.599528931394254,2026,180,0.9621432497297591,30.512753022443487,"A. Today: Ovingdean, PAN 210, current catchments"
Cardinal Newman Catholic School,199.43905076671157,8.325293260700874,31.44369539480525,2026,360,0.5539973632408655,30.512753022443487,"A. Today: Ovingdean, PAN 210, current catchments"
Dorothy Stringer School,330,8.385351367758982,33.164434867911496,2026,330,1,30.512753022443487,"A. Today: Ovingdean, PAN 210, current catchments"
Hove Park School,180,2.7460737979520218,25.58746400032756,2026,180,1,30.512753022443487,"A. Today: Ovingdean, PAN 210, current catchments"
King's School,166.69134591503447,7.390843371778138,42.49038465589507,2026,180,0.9260630328613026,30.512753022443487,"A. Today: Ovingdean, PAN 210, current catchments"
Longhill High School,177.43258077072412,9.063340351952501,29.57645979097263,2026,210,0.8449170512891625,30.512753022443487,"A. Today: Ovingdean, PAN 210, current catchments"
Patcham High School,225,6.506978432763781,28.697591685710822,2026,225,1,30.512753022443487,"A. Today: Ovingdean, PAN 210, current catchments"
Peacehaven Community School,180,148.49056111580484,23.994735074591325,2026,180,1,30.512753022443487,"A. Today: Ovingdean, PAN 210, current catchments"
Portslade Aldridge Community Academy,220.00000000000003,4.1187497622518086,24.23663971953344,2026,220,1.0000000000000002,30.512753022443487,"A. Today: Ovingdean, PAN 210, current catchments"
Varndean School,300,8.29169200223111,32.79922263521507,2026,300,1,30.512753022443487,"A. Today: Ovingdean, PAN 210, current catchments"
Blatchington Mill School,330.00000000000006,6.7851379757034636,29.282246897265576,2028,330,1.0000000000000002,30.764141843949776,"A. Today: Ovingdean, PAN 210, current catchments"
Brighton Aldridge Community Academy,132.08465968407282,5.133846719445958,34.63700116618087,2028,180,0.7338036649115156,30.764141843949776,"A. Today: Ovingdean, PAN 210, current catchments"
Cardinal Newman Catholic School,140.99305753395973,6.916413431351043,31.79048455230553,2028,360,0.391647382038777,30.764141843949776,"A. Today: Ovingdean, PAN 210, current catchments"
Dorothy Stringer School,330,10.33486367067134,34.25442425074437,2028,330,1,30.764141843949776,"A. Today: Ovingdean, PAN 210, current catchments"
Hove Park School,180,3.3444137483726943,26.234631840454878,2028,180,1,30.764141843949776,"A. Today: Ovingdean, PAN 210, current catchments"
King's School,117.36231712455255,6.145935964599819,43.05237257078165,2028,180,0.6520128729141809,30.764141843949776,"A. Today: Ovingdean, PAN 210, current catchments"
Longhill High School,140.17673422411255,7.485668158946756,28.55420905367261,2028,210,0.6675082582100598,30.764141843949776,"A. Today: Ovingdean, PAN 210, current catchments"
Patcham High School,225,8.205371129203023,30.389435503589066,2028,225,1,30.764141843949776,"A. Today: Ovingdean, PAN 210, current catchments"
Peacehaven Community School,159.53130457529306,135.1665701043088,22.64953306173408,2028,180,0.8862850254182948,30.764141843949776,"A. Today: Ovingdean, PAN 210, current catchments"
Portslade Aldridge Community Academy,219.99999999999997,5.229720954313768,25.576459710210035,2028,220,0.9999999999999999,30.764141843949776,"A. Today: Ovingdean, PAN 210, current catchments"
Varndean School,300,10.151781851637985,33.710910136500864,2028,300,1,30.764141843949776,"A. Today: Ovingdean, PAN 210, current catchments"
Blatchington Mill School,330,7.402279238740199,29.675406178928966,2030,330,1,30.904527676496944,"A. Today: Ovingdean, PAN 210, current catchments"
Brighton Aldridge Community Academy,115.95930319383274,4.623596137784397,34.15896215319758,2030,180,0.64421835107684855,30.904527676496944,"A. Today: Ovingdean, PAN 210, current catchments"
Cardinal Newman Catholic School,118.90535095661541,6.230388501126591,32.03394654053989,2030,360,0.3302926415461539,30.904527676496944,"A. Today: Ovingdean, PAN 210, current catchments"
Dorothy Stringer School,325.41622969608227,11.019561905555607,34.65362851413482,2030,330,0.986109786957825,30.904527676496944,"A. Today: Ovingdean, PAN 210, current catchments"
Hove Park School,180,3.658934433942259,26.635965605098253,2030,180,1,30.904527676496944,"A. Today: Ovingdean, PAN 210, current catchments"
King's School,98.53633109372733,5.5403809211516934,43.50911188853273,2030,180,0.5474240616318184,30.904527676496944,"A. Today: Ovingdean, PAN 210, current catchments"
Longhill High School,124.78055372091889,6.711597750600439,28.094358090913843,2030,210,0.5941931129567566,30.904527676496944,"A. Today: Ovingdean, PAN 210, current catchments"
Patcham High School,212.28863306975146,8.18661609540589,30.43590873003184,2030,225,0.943505035865562,30.904527676496944,"A. Today: Ovingdean, PAN 210, current catchments"
Peacehaven Community School,144.60707997103623,123.77657528390759,22.069195662966766,2030,180,0.8033726665057568,30.904527676496944,"A. Today: Ovingdean, PAN 210, current catchments"
Portslade Aldridge Community Academy,218.382167404811,5.751560159023468,26.26535852538628,2030,220,0.9926462154764137,30.904527676496944,"A. Today: Ovingdean, PAN 210, current catchments"
Varndean School,300,10.94564753023602,34.041687655254265,2030,300,1,30.904527676496944,"A. Today: Ovingdean, PAN 210, current catchments"
Blatchington Mill School,330,7.3434417688130385,29.900934076476684,2033,330,1,30.8937374444252,"A. Today: Ovingdean, PAN 210, current catchments"
Brighton Aldridge Community Academy,110.38117146723337,4.23533121959236,33.96150270472603,2033,180,0.6132287303735188,30.8937374444252,"A. Today: Ovingdean, PAN 210, current catchments"
Cardinal Newman Catholic School,111.49529957962328,5.707477318912863,32.100024573129474,2033,360,0.30970916549895355,30.8937374444252,"A. Today: Ovingdean, PAN 210, current catchments"
Dorothy Stringer School,307.8370359502512,10.093617740301362,34.558411483361986,2033,330,0.9328395028795492,30.8937374444252,"A. Today: Ovingdean, PAN 210, current catchments"
Hove Park School,180,3.6362280270220206,26.86998818692338,2033,180,1,30.8937374444252,"A. Today: Ovingdean, PAN 210, current catchments"
King's School,92.06630254902164,5.076154355002437,43.722451187450254,2033,180,0.5114794586056758,30.8937374444252,"A. Today: Ovingdean, PAN 210, current catchments"
Longhill High School,119.00964194627146,6.142307930409338,27.950775320910537,2033,210,0.5667125806965307,30.8937374444252,"A. Today: Ovingdean, PAN 210, current catchments"
Patcham High School,202.53705689612298,7.499840366067412,30.170508809469457,2033,225,0.9001646973161022,30.8937374444252,"A. Today: Ovingdean, PAN 210, current catchments"
Peacehaven Community School,133.49932558225626,113.77730245093349,22.206202894634462,2033,180,0.7416629199014236,30.8937374444252,"A. Today: Ovingdean, PAN 210, current catchments"
Portslade Aldridge Community Academy,208.08220230376375,5.2690098601978335,26.063225453229496,2033,220,0.9458281922898353,30.8937374444252,"A. Today: Ovingdean, PAN 210, current catchments"
Varndean School,300.00000000000006,10.612917994682306,33.99777584319473,2033,300,1.0000000000000002,30.8937374444252,"A. Today: Ovingdean, PAN 210, current catchments"
Blatchington Mill School,322.94436605792106,6.9047136196242676,30.078628340930116,2035,330,0.9786192910846093,30.87193630766219,"A. Today: Ovingdean, PAN 210, current catchments"
Brighton Aldridge Community Academy,103.204270376699,3.694023751559963,33.70692794035818,2035,180,0.5733570576483278,30.87193630766219,"A. Today: Ovingdean, PAN 210, current catchments"
Cardinal Newman Catholic School,102.55709180840498,4.978332224011551,32.11844922530531,2035,360,0.2848808105789027,30.87193630766219,"A. Today: Ovingdean, PAN 210, current catchments"
Dorothy Stringer School,285.277007979354,8.802929541006336,34.44340844408605,2035,330,0.8644757817556181,30.87193630766219,"A. Today: Ovingdean, PAN 210, current catchments"
Hove Park School,180,3.5044569255308,27.09092547084848,2035,180,1,30.87193630766219,"A. Today: Ovingdean, PAN 210, current catchments"
King's School,84.49095149164974,4.428505267656892,43.82945637382014,2035,180,0.46939417495360963,30.87193630766219,"A. Today: Ovingdean, PAN 210, current catchments"
Longhill High School,111.53570268372181,5.3510909498759265,27.76663038941739,2035,210,0.5311223937320086,30.87193630766219,"A. Today: Ovingdean, PAN 210, current catchments"
Patcham High School,189.9549862146602,6.5420683645366475,29.829898018995447,2035,225,0.8442443831762676,30.87193630766219,"A. Today: Ovingdean, PAN 210, current catchments"
Peacehaven Community School,118.01857477101669,99.66790555519351,22.529306115308746,2035,180,0.6556587487278704,30.87193630766219,"A. Today: Ovingdean, PAN 210, current catchments"
Portslade Aldridge Community Academy,195.24103695566143,4.596062427621706,25.784484188379448,2035,220,0.8874592588893702,30.87193630766219,"A. Today: Ovingdean, PAN 210, current catchments"
Varndean School,300.00000000000006,10.008458450010878,33.954802376228535,2035,300,1.0000000000000002,30.87193630766219,"A. Today: Ovingdean, PAN 210, current catchments"
Blatchington Mill School,330,5.777815892525093,28.905708483257943,2026,330,1,30.75320775505393,"B. Shrink only: Ovingdean, PAN 150"
Brighton Aldridge Community Academy,180,6.588862737263285,36.02478633980941,2026,180,1,30.75320775505393,"B. Shrink only: Ovingdean, PAN 150"
Cardinal Newman Catholic School,210.86298433607578,8.997198891565066,31.859490302006805,2026,360,0.585730512044655,30.75320775505393,"B. Shrink only: Ovingdean, PAN 150"
Dorothy Stringer School,330,8.51598502211569,33.33573267347317,2026,330,1,30.75320775505393,"B. Shrink only: Ovingdean, PAN 150"
Hove Park School,180,2.8319475096029527,25.790827512266834,2026,180,1,30.75320775505393,"B. Shrink only: Ovingdean, PAN 150"
King's School,175.88480801819995,7.984477387235352,43.12134707829482,2026,180,0.977137822323333,30.75320775505393,"B. Shrink only: Ovingdean, PAN 150"
Longhill High School,150,7.046110717354911,28.474458230654964,2026,150,1,30.75320775505393,"B. Shrink only: Ovingdean, PAN 150"
Patcham High School,225,6.602074175648393,28.878747892671342,2026,225,1,30.75320775505393,"B. Shrink only: Ovingdean, PAN 150"
Peacehaven Community School,180,148.1266735741844,23.99327024595367,2026,180,1,30.75320775505393,"B. Shrink only: Ovingdean, PAN 150"
Portslade Aldridge Community Academy,220,4.220119720330937,24.46344744486973,2026,220,1,30.75320775505393,"B. Shrink only: Ovingdean, PAN 150"
Varndean School,300,8.41040388932495,32.94402743123571,2026,300,1,30.75320775505393,"B. Shrink only: Ovingdean, PAN 150"
Blatchington Mill School,330.00000000000006,6.7851379757034636,29.282246897265576,2028,330,1.0000000000000002,30.764141843949776,"B. Shrink only: Ovingdean, PAN 150"
Brighton Aldridge Community Academy,132.08465968407282,5.133846719445958,34.63700116618087,2028,180,0.7338036649115156,30.764141843949776,"B. Shrink only: Ovingdean, PAN 150"
Cardinal Newman Catholic School,140.99305753395973,6.916413431351043,31.79048455230553,2028,360,0.391647382038777,30.764141843949776,"B. Shrink only: Ovingdean, PAN 150"
Dorothy Stringer School,330,10.33486367067134,34.25442425074437,2028,330,1,30.764141843949776,"B. Shrink only: Ovingdean, PAN 150"
Hove Park School,180,3.3444137483726943,26.234631840454878,2028,180,1,30.764141843949776,"B. Shrink only: Ovingdean, PAN 150"
King's School,117.36231712455255,6.145935964599819,43.05237257078165,2028,180,0.6520128729141809,30.764141843949776,"B. Shrink only: Ovingdean, PAN 150"
Longhill High School,140.17673422411255,7.485668158946756,28.55420905367261,2028,150,0.9345115614940837,30.764141843949776,"B. Shrink only: Ovingdean, PAN 150"
Patcham High School,225,8.205371129203023,30.389435503589066,2028,225,1,30.764141843949776,"B. Shrink only: Ovingdean, PAN 150"
Peacehaven Community School,159.53130457529306,135.1665701043088,22.64953306173408,2028,180,0.8862850254182948,30.764141843949776,"B. Shrink only: Ovingdean, PAN 150"
Portslade Aldridge Community Academy,219.99999999999997,5.229720954313768,25.576459710210035,2028,220,0.9999999999999999,30.764141843949776,"B. Shrink only: Ovingdean, PAN 150"
Varndean School,300,10.151781851637985,33.710910136500864,2028,300,1,30.764141843949776,"B. Shrink only: Ovingdean, PAN 150"
Blatchington Mill School,330,7.402279238740199,29.675406178928966,2030,330,1,30.904527676496944,"B. Shrink only: Ovingdean, PAN 150"
Brighton Aldridge Community Academy,115.95930319383274,4.623596137784397,34.15896215319758,2030,180,0.64421835107684855,30.904527676496944,"B. Shrink only: Ovingdean, PAN 150"
Cardinal Newman Catholic School,118.90535095661541,6.230388501126591,32.03394654053989,2030,360,0.3302926415461539,30.904527676496944,"B. Shrink only: Ovingdean, PAN 150"
Dorothy Stringer School,325.41622969608227,11.019561905555607,34.65362851413482,2030,330,0.986109786957825,30.904527676496944,"B. Shrink only: Ovingdean, PAN 150"
Hove Park School,180,3.658934433942259,26.635965605098253,2030,180,1,30.904527676496944,"B. Shrink only: Ovingdean, PAN 150"
King's School,98.53633109372733,5.5403809211516934,43.50911188853273,2030,180,0.5474240616318184,30.904527676496944,"B. Shrink only: Ovingdean, PAN 150"
Longhill High School,124.78055372091889,6.711597750600439,28.094358090913843,2030,150,0.8318703581394593,30.904527676496944,"B. Shrink only: Ovingdean, PAN 150"
Patcham High School,212.28863306975146,8.18661609540589,30.43590873003184,2030,225,0.943505035865562,30.904527676496944,"B. Shrink only: Ovingdean, PAN 150"
Peacehaven Community School,144.60707997103623,123.77657528390759,22.069195662966766,2030,180,0.8033726665057568,30.904527676496944,"B. Shrink only: Ovingdean, PAN 150"
Portslade Aldridge Community Academy,218.382167404811,5.751560159023468,26.26535852538628,2030,220,0.9926462154764137,30.904527676496944,"B. Shrink only: Ovingdean, PAN 150"
Varndean School,300,10.94564753023602,34.041687655254265,2030,300,1,30.904527676496944,"B. Shrink only: Ovingdean, PAN 150"
Blatchington Mill School,330,7.3434417688130385,29.900934076476684,2033,330,1,30.8937374444252,"B. Shrink only: Ovingdean, PAN 150"
Brighton Aldridge Community Academy,110.38117146723337,4.23533121959236,33.96150270472603,2033,180,0.6132287303735188,30.8937374444252,"B. Shrink only: Ovingdean, PAN 150"
Cardinal Newman Catholic School,111.49529957962328,5.707477318912863,32.100024573129474,2033,360,0.30970916549895355,30.8937374444252,"B. Shrink only: Ovingdean, PAN 150"
Dorothy Stringer School,307.8370359502512,10.093617740301362,34.558411483361986,2033,330,0.9328395028795492,30.8937374444252,"B. Shrink only: Ovingdean, PAN 150"
Hove Park School,180,3.6362280270220206,26.86998818692338,2033,180,1,30.8937374444252,"B. Shrink only: Ovingdean, PAN 150"
King's School,92.06630254902164,5.076154355002437,43.722451187450254,2033,180,0.5114794586056758,30.8937374444252,"B. Shrink only: Ovingdean, PAN 150"
Longhill High School,119.00964194627146,6.142307930409338,27.950775320910537,2033,150,0.7933976129751431,30.8937374444252,"B. Shrink only: Ovingdean, PAN 150"
Patcham High School,202.53705689612298,7.499840366067412,30.170508809469457,2033,225,0.9001646973161022,30.8937374444252,"B. Shrink only: Ovingdean, PAN 150"
Peacehaven Community School,133.49932558225626,113.77730245093349,22.206202894634462,2033,180,0.7416629199014236,30.8937374444252,"B. Shrink only: Ovingdean, PAN 150"
Portslade Aldridge Community Academy,208.08220230376375,5.2690098601978335,26.063225453229496,2033,220,0.9458281922898353,30.8937374444252,"B. Shrink only: Ovingdean, PAN 150"
Varndean School,300.00000000000006,10.612917994682306,33.99777584319473,2033,300,1.0000000000000002,30.8937374444252,"B. Shrink only: Ovingdean, PAN 150"
Blatchington Mill School,322.94436605792106,6.9047136196242676,30.078628340930116,2035,330,0.9786192910846093,30.87193630766219,"B. Shrink only: Ovingdean, PAN 150"
Brighton Aldridge Community Academy,103.204270376699,3.694023751559963,33.70692794035818,2035,180,0.5733570576483278,30.87193630766219,"B. Shrink only: Ovingdean, PAN 150"
Cardinal Newman Catholic School,102.55709180840498,4.978332224011551,32.11844922530531,2035,360,0.2848808105789027,30.87193630766219,"B. Shrink only: Ovingdean, PAN 150"
Dorothy Stringer School,285.277007979354,8.802929541006336,34.44340844408605,2035,330,0.8644757817556181,30.87193630766219,"B. Shrink only: Ovingdean, PAN 150"
Hove Park School,180,3.5044569255308,27.09092547084848,2035,180,1,30.87193630766219,"B. Shrink only: Ovingdean, PAN 150"
King's School,84.49095149164974,4.428505267656892,43.82945637382014,2035,180,0.46939417495360963,30.87193630766219,"B. Shrink only: Ovingdean, PAN 150"
Longhill High School,111.53570268372181,5.3510909498759265,27.76663038941739,2035,150,0.7435713512248121,30.87193630766219,"B. Shrink only: Ovingdean, PAN 150"
Patcham High School,189.9549862146602,6.5420683645366475,29.829898018995447,2035,225,0.8442443831762676,30.87193630766219,"B. Shrink only: Ovingdean, PAN 150"
Peacehaven Community School,118.01857477101669,99.66790555519351,22.529306115308746,2035,180,0.6556587487278704,30.87193630766219,"B. Shrink only: Ovingdean, PAN 150"
Portslade Aldridge Community Academy,195.24103695566143,4.596062427621706,25.784484188379448,2035,220,0.8874592588893702,30.87193630766219,"B. Shrink only: Ovingdean, PAN 150"
Varndean School,300.00000000000006,10.008458450010878,33.954802376228535,2035,300,1.0000000000000002,30.87193630766219,"B. Shrink only: Ovingdean, PAN 150"
Blatchington Mill School,330,5.954175364000017,28.876630008073256,2026,330,1,30.756938155049493,"C. Move only: Elm Grove, PAN 210"
Brighton Aldridge Community Academy,162.21120529030142,6.323888427307128,36.3983079770255,2026,180,0.9011733627238968,30.756938155049493,"C. Move only: Elm Grove, PAN 210"
Cardinal Newman Catholic School,190.67142636053745,8.499282981780631,31.97548380566817,2026,360,0.5296428510014929,30.756938155049493,"C. Move only: Elm Grove, PAN 210"
Dorothy Stringer School,330,9.522434606104355,33.592228025872764,2026,330,1,30.756938155049493,"C. Move only: Elm Grove, PAN 210"
Hove Park School,180,2.924425540891803,25.791227520650132,2026,180,1,30.756938155049493,"C. Move only: Elm Grove, PAN 210"
King's School,160.96231156389933,7.532943395767687,42.92946516001232,2026,180,0.8942350642438852,30.756938155049493,"C. Move only: Elm Grove, PAN 210"
Longhill High School,202.90363813495202,5.534581396822047,28.93635337102538,2026,210,0.9662078006426287,30.756938155049493,"C. Move only: Elm Grove, PAN 210"
Patcham High School,225,7.059923226814328,29.40271301773612,2026,225,1,30.756938155049493,"C. Move only: Elm Grove, PAN 210"
Peacehaven Community School,180,147.90663318373046,23.83954982255555,2026,180,1,30.756938155049493,"C. Move only: Elm Grove, PAN 210"
Portslade Aldridge Community Academy,220,4.373850745217635,24.490850712268287,2026,220,1,30.756938155049493,"C. Move only: Elm Grove, PAN 210"
Varndean School,300,9.469483414345994,33.32261713770787,2026,300,1,30.756938155049493,"C. Move only: Elm Grove, PAN 210"
Blatchington Mill School,330,7.048705229740525,29.533154055949783,2028,330,1,31.12499824076739,"C. Move only: Elm Grove, PAN 210"
Brighton Aldridge Community Academy,125.31477207499437,5.176694812283116,35.37646232273544,2028,180,0.6961931781944132,31.12499824076739,"C. Move only: Elm Grove, PAN 210"
Cardinal Newman Catholic School,136.4469443574532,6.959833491927576,32.34425454740566,2028,360,0.37901928988181444,31.12499824076739,"C. Move only: Elm Grove, PAN 210"
Dorothy Stringer School,330,11.289703254214144,34.70772141720429,2028,330,1,31.12499824076739,"C. Move only: Elm Grove, PAN 210"
Hove Park School,180,3.4799912521876517,26.474238253355846,2028,180,1,31.12499824076739,"C. Move only: Elm Grove, PAN 210"
King's School,114.4812221223056,6.17578638877983,43.57333581881928,2028,180,0.6360067895683644,31.12499824076739,"C. Move only: Elm Grove, PAN 210"
Longhill High School,153.28426944384566,4.528553645817855,28.78464843503583,2028,210,0.7299250925897413,31.12499824076739,"C. Move only: Elm Grove, PAN 210"
Patcham High School,224.99999999999997,8.623449516928995,31.06816491066354,2028,225,0.9999999999999999,31.12499824076739,"C. Move only: Elm Grove, PAN 210"
Peacehaven Community School,160.62118856874602,135.06060043183726,22.709337247988802,2028,180,0.8923399364930334,31.12499824076739,"C. Move only: Elm Grove, PAN 210"
Portslade Aldridge Community Academy,220.00000000000003,5.4196341204789515,25.880989247264907,2028,220,1.0000000000000002,31.12499824076739,"C. Move only: Elm Grove, PAN 210"
Varndean School,300,11.136771513190183,34.23450670955855,2028,300,1,31.12499824076739,"C. Move only: Elm Grove, PAN 210"
Blatchington Mill School,330,7.574985079427736,29.953505994920807,2030,330,1,31.230184485112755,"C. Move only: Elm Grove, PAN 210"
Brighton Aldridge Community Academy,112.82493598104875,4.715487224319854,34.9482233926031,2030,180,0.6268051998947153,31.230184485112755,"C. Move only: Elm Grove, PAN 210"
Cardinal Newman Catholic School,118.6719847024406,6.340996336798429,32.55426140878475,2030,360,0.32964440195122385,31.230184485112755,"C. Move only: Elm Grove, PAN 210"
Dorothy Stringer School,314.87453697985364,11.237756484682698,34.86473912439945,2030,330,0.9541652635753141,31.230184485112755,"C. Move only: Elm Grove, PAN 210"
Hove Park School,180,3.7490022078537457,26.895432130399392,2030,180,1,31.230184485112755,"C. Move only: Elm Grove, PAN 210"
King's School,98.73901776298382,5.630313490876547,44.1042842589581,2030,180,0.5485500986832434,31.230184485112755,"C. Move only: Elm Grove, PAN 210"
Longhill High School,136.7735068826115,4.124155641980922,28.69662221171394,2030,210,0.6513024137267215,31.230184485112755,"C. Move only: Elm Grove, PAN 210"
Patcham High School,211.51480856648863,8.344137970922876,30.936027672883075,2030,225,0.9400658158510605,31.230184485112755,"C. Move only: Elm Grove, PAN 210"
Peacehaven Community School,147.16321577973608,124.66389712226344,22.29361229407724,2030,180,0.8175734209985338,31.230184485112755,"C. Move only: Elm Grove, PAN 210"
Portslade Aldridge Community Academy,218.31398291019786,5.860104024007217,26.58940320921972,2030,220,0.9923362859554449,31.230184485112755,"C. Move only: Elm Grove, PAN 210"
Varndean School,300,11.606309040697754,34.384721740926366,2030,300,1,31.230184485112755,"C. Move only: Elm Grove, PAN 210"
Blatchington Mill School,330,7.506518386961492,30.183472162864845,2033,330,1,31.227361006451652,"C. Move only: Elm Grove, PAN 210"
Brighton Aldridge Community Academy,107.44346345699314,4.317604941218367,34.7427926579726,2033,180,0.5969081303166286,31.227361006451652,"C. Move only: Elm Grove, PAN 210"
Cardinal Newman Catholic School,111.33536675768383,5.80629357815689,32.621909389929584,2033,360,0.30926490766023285,31.227361006451652,"C. Move only: Elm Grove, PAN 210"
Dorothy Stringer School,298.0581080379464,10.288951636416119,34.77453897082725,2033,330,0.903206387993777,31.227361006451652,"C. Move only: Elm Grove, PAN 210"
Hove Park School,180,3.72163028526687,27.133745859334947,2033,180,1,31.227361006451652,"C. Move only: Elm Grove, PAN 210"
King's School,92.30594149478387,5.156486895886365,44.3207149084667,2033,180,0.5128107860821326,31.227361006451652,"C. Move only: Elm Grove, PAN 210"
Longhill High School,129.98689499562815,3.7759319769486064,28.622982529564627,2033,210,0.6189852142648959,31.227361006451652,"C. Move only: Elm Grove, PAN 210"
Patcham High School,201.8330887254524,7.640879289716831,30.67053855298518,2033,225,0.8970359498908995,31.227361006451652,"C. Move only: Elm Grove, PAN 210"
Peacehaven Community School,135.8831653582818,114.57310065705131,22.435850788211035,2033,180,0.7549064742126765,31.227361006451652,"C. Move only: Elm Grove, PAN 210"
Portslade Aldridge Community Academy,208.0611038198607,5.366179857310814,26.387876854438126,2033,220,0.9457322900902759,31.227361006451652,"C. Move only: Elm Grove, PAN 210"
Varndean School,300,11.24002787190785,34.34385681757548,2033,300,1,31.227361006451652,"C. Move only: Elm Grove, PAN 210"
Blatchington Mill School,322.54759337584125,7.03393703638312,30.357303084826402,2035,330,0.9774169496237614,31.21596294191806,"C. Move only: Elm Grove, PAN 210"
Brighton Aldridge Community Academy,100.54037497525965,3.764414753256303,34.48112893515102,2035,180,0.5585576387514425,31.21596294191806,"C. Move only: Elm Grove, PAN 210"
Cardinal Newman Catholic School,102.53681889260838,5.062732963969044,32.638588652626034,2035,360,0.28482449692391215,31.21596294191806,"C. Move only: Elm Grove, PAN 210"
Dorothy Stringer School,276.5372936402341,8.970037421042344,34.66927218697726,2035,330,0.8379917989098004,31.21596294191806,"C. Move only: Elm Grove, PAN 210"
Hove Park School,180,3.5789874125853367,27.352620128890557,2035,180,1,31.21596294191806,"C. Move only: Elm Grove, PAN 210"
King's School,84.82892350501614,4.497158594220329,44.42071085554637,2035,180,0.47127179725008966,31.21596294191806,"C. Move only: Elm Grove, PAN 210"
Longhill High School,121.31669168224222,3.2918922901037337,28.53608025828869,2035,210,0.577698531820201,31.21596294191806,"C. Move only: Elm Grove, PAN 210"
Patcham High School,189.3787939529115,6.662767636256943,30.333995465392483,2035,225,0.8416835286796067,31.21596294191806,"C. Move only: Elm Grove, PAN 210"
Peacehaven Community School,120.20078196618353,100.35531744787764,22.769961150567152,2035,180,0.6677821220343529,31.21596294191806,"C. Move only: Elm Grove, PAN 210"
Portslade Aldridge Community Academy,195.335016283061,4.679216700111626,26.111741928313013,2035,220,0.8878864376502773,31.21596294191806,"C. Move only: Elm Grove, PAN 210"
Varndean School,300.00000000000006,10.582032171258096,34.30757646894908,2035,300,1.0000000000000002,31.21596294191806,"C. Move only: Elm Grove, PAN 210"
Blatchington Mill School,330,6.10926681768879,29.24283133843931,2026,330,1,31.220945395363522,"D. Shrink + move: Elm Grove, PAN 150"
Brighton Aldridge Community Academy,178.5771504495163,7.0613797809335646,37.06614512634039,2026,180,0.9920952802750905,31.220945395363522,"D. Shrink + move: Elm Grove, PAN 150"
Cardinal Newman Catholic School,211.04606709786714,9.490630490349181,32.55227031956744,2026,360,0.5862390752718531,31.220945395363522,"D. Shrink + move: Elm Grove, PAN 150"
Dorothy Stringer School,330,9.3828037427438,33.79337748006819,2026,330,1,31.220945395363522,"D. Shrink + move: Elm Grove, PAN 150"
Hove Park School,179.99999999999997,2.998651696972047,26.099641421985254,2026,180,0.9999999999999999,31.220945395363522,"D. Shrink + move: Elm Grove, PAN 150"
King's School,177.12522708616964,8.412666527626508,43.8890129378331,2026,180,0.9840290393676091,31.220945395363522,"D. Shrink + move: Elm Grove, PAN 150"
Longhill High School,150,3.792351158956171,28.37666676665972,2026,150,1,31.220945395363522,"D. Shrink + move: Elm Grove, PAN 150"
Patcham High School,225,7.017534094063564,29.568499389200067,2026,225,1,31.220945395363522,"D. Shrink + move: Elm Grove, PAN 150"
Peacehaven Community School,180.00000000000003,147.09569245742284,23.939260087422884,2026,180,1.0000000000000002,31.220945395363522,"D. Shrink + move: Elm Grove, PAN 150"
Portslade Aldridge Community Academy,220,4.441973795893831,24.833124640649274,2026,220,1,31.220945395363522,"D. Shrink + move: Elm Grove, PAN 150"
Varndean School,300,9.298730350637497,33.459450368522646,2026,300,1,31.220945395363522,"D. Shrink + move: Elm Grove, PAN 150"
Blatchington Mill School,330,7.0267530618005996,29.552381762716045,2028,330,1,31.14812807834796,"D. Shrink + move: Elm Grove, PAN 150"
Brighton Aldridge Community Academy,126.18366839097705,5.194574624442434,35.41681419037133,2028,180,0.7010203799498724,31.14812807834796,"D. Shrink + move: Elm Grove, PAN 150"
Cardinal Newman Catholic School,137.47516783375096,6.983749997859402,32.372799024054686,2028,360,0.3818754662048638,31.14812807834796,"D. Shrink + move: Elm Grove, PAN 150"
Dorothy Stringer School,330,11.226390286383003,34.714738169430625,2028,330,1,31.14812807834796,"D. Shrink + move: Elm Grove, PAN 150"
Hove Park School,180,3.4689083799991347,26.490218626753794,2028,180,1,31.14812807834796,"D. Shrink + move: Elm Grove, PAN 150"
King's School,115.29753395183127,6.1966273347580865,43.62441754166556,2028,180,0.6405418552879515,31.14812807834796,"D. Shrink + move: Elm Grove, PAN 150"
Longhill High School,150,4.388877506149306,28.74302848364192,2028,150,1,31.14812807834796,"D. Shrink + move: Elm Grove, PAN 150"
Patcham High School,225,8.579916872065025,31.07238914546464,2028,225,1,31.14812807834796,"D. Shrink + move: Elm Grove, PAN 150"
Peacehaven Community School,161.1914008863736,135.36239203195956,22.763684837494388,2028,180,0.8955077827020755,31.14812807834796,"D. Shrink + move: Elm Grove, PAN 150"
Portslade Aldridge Community Academy,220,5.398957958864141,25.898274536138405,2028,220,1,31.14812807834796,"D. Shrink + move: Elm Grove, PAN 150"
Varndean School,300,11.07255594105262,34.23755161437403,2028,300,1,31.14812807834796,"D. Shrink + move: Elm Grove, PAN 150"
Blatchington Mill School,330,7.574985079427736,29.953505994920807,2030,330,1,31.230184485112755,"D. Shrink + move: Elm Grove, PAN 150"
Brighton Aldridge Community Academy,112.82493598104875,4.715487224319854,34.9482233926031,2030,180,0.6268051998947153,31.230184485112755,"D. Shrink + move: Elm Grove, PAN 150"
Cardinal Newman Catholic School,118.6719847024406,6.340996336798429,32.55426140878475,2030,360,0.32964440195122385,31.230184485112755,"D. Shrink + move: Elm Grove, PAN 150"
Dorothy Stringer School,314.87453697985364,11.237756484682698,34.86473912439945,2030,330,0.9541652635753141,31.230184485112755,"D. Shrink + move: Elm Grove, PAN 150"
Hove Park School,180,3.7490022078537457,26.895432130399392,2030,180,1,31.230184485112755,"D. Shrink + move: Elm Grove, PAN 150"
King's School,98.73901776298382,5.630313490876547,44.1042842589581,2030,180,0.5485500986832434,31.230184485112755,"D. Shrink + move: Elm Grove, PAN 150"
Longhill High School,136.7735068826115,4.124155641980922,28.69662221171394,2030,150,0.9118233792174101,31.230184485112755,"D. Shrink + move: Elm Grove, PAN 150"
Patcham High School,211.51480856648863,8.344137970922876,30.936027672883075,2030,225,0.9400658158510605,31.230184485112755,"D. Shrink + move: Elm Grove, PAN 150"
Peacehaven Community School,147.16321577973608,124.66389712226344,22.29361229407724,2030,180,0.8175734209985338,31.230184485112755,"D. Shrink + move: Elm Grove, PAN 150"
Portslade Aldridge Community Academy,218.31398291019786,5.860104024007217,26.58940320921972,2030,220,0.9923362859554449,31.230184485112755,"D. Shrink + move: Elm Grove, PAN 150"
Varndean School,300,11.606309040697754,34.384721740926366,2030,300,1,31.230184485112755,"D. Shrink + move: Elm Grove, PAN 150"
Blatchington Mill School,330,7.506518386961492,30.183472162864845,2033,330,1,31.227361006451652,"D. Shrink + move: Elm Grove, PAN 150"
Brighton Aldridge Community Academy,107.44346345699314,4.317604941218367,34.7427926579726,2033,180,0.5969081303166286,31.227361006451652,"D. Shrink + move: Elm Grove, PAN 150"
Cardinal Newman Catholic School,111.33536675768383,5.80629357815689,32.621909389929584,2033,360,0.30926490766023285,31.227361006451652,"D. Shrink + move: Elm Grove, PAN 150"
Dorothy Stringer School,298.0581080379464,10.288951636416119,34.77453897082725,2033,330,0.903206387993777,31.227361006451652,"D. Shrink + move: Elm Grove, PAN 150"
Hove Park School,180,3.72163028526687,27.133745859334947,2033,180,1,31.227361006451652,"D. Shrink + move: Elm Grove, PAN 150"
King's School,92.30594149478387,5.156486895886365,44.3207149084667,2033,180,0.5128107860821326,31.227361006451652,"D. Shrink + move: Elm Grove, PAN 150"
Longhill High School,129.98689499562815,3.7759319769486064,28.622982529564627,2033,150,0.8665792999708544,31.227361006451652,"D. Shrink + move: Elm Grove, PAN 150"
Patcham High School,201.8330887254524,7.640879289716831,30.67053855298518,2033,225,0.8970359498908995,31.227361006451652,"D. Shrink + move: Elm Grove, PAN 150"
Peacehaven Community School,135.8831653582818,114.57310065705131,22.435850788211035,2033,180,0.7549064742126765,31.227361006451652,"D. Shrink + move: Elm Grove, PAN 150"
Portslade Aldridge Community Academy,208.0611038198607,5.366179857310814,26.387876854438126,2033,220,0.9457322900902759,31.227361006451652,"D. Shrink + move: Elm Grove, PAN 150"
Varndean School,300,11.24002787190785,34.34385681757548,2033,300,1,31.227361006451652,"D. Shrink + move: Elm Grove, PAN 150"
Blatchington Mill School,322.54759337584125,7.03393703638312,30.357303084826402,2035,330,0.9774169496237614,31.21596294191806,"D. Shrink + move: Elm Grove, PAN 150"
Brighton Aldridge Community Academy,100.54037497525965,3.764414753256303,34.48112893515102,2035,180,0.5585576387514425,31.21596294191806,"D. Shrink + move: Elm Grove, PAN 150"
Cardinal Newman Catholic School,102.53681889260838,5.062732963969044,32.638588652626034,2035,360,0.28482449692391215,31.21596294191806,"D. Shrink + move: Elm Grove, PAN 150"
Dorothy Stringer School,276.5372936402341,8.970037421042344,34.66927218697726,2035,330,0.8379917989098004,31.21596294191806,"D. Shrink + move: Elm Grove, PAN 150"
Hove Park School,180,3.5789874125853367,27.352620128890557,2035,180,1,31.21596294191806,"D. Shrink + move: Elm Grove, PAN 150"
King's School,84.82892350501614,4.497158594220329,44.42071085554637,2035,180,0.47127179725008966,31.21596294191806,"D. Shrink + move: Elm Grove, PAN 150"
Longhill High School,121.31669168224222,3.2918922901037337,28.53608025828869,2035,150,0.8087779445482814,31.21596294191806,"D. Shrink + move: Elm Grove, PAN 150"
Patcham High School,189.3787939529115,6.662767636256943,30.333995465392483,2035,225,0.8416835286796067,31.21596294191806,"D. Shrink + move: Elm Grove, PAN 150"
Peacehaven Community School,120.20078196618353,100.35531744787764,22.769961150567152,2035,180,0.6677821220343529,31.21596294191806,"D. Shrink + move: Elm Grove, PAN 150"
Portslade Aldridge Community Academy,195.335016283061,4.679216700111626,26.111741928313013,2035,220,0.8878864376502773,31.21596294191806,"D. Shrink + move: Elm Grove, PAN 150"
Varndean School,300.00000000000006,10.582032171258096,34.30757646894908,2035,300,1.0000000000000002,31.21596294191806,"D. Shrink + move: Elm Grove, PAN 150"
Blatchington Mill School,330,7.418707557644749,29.852659052979437,2026,330,1,30.75459737797337,E. Shrink + move + redrawn catchments
Brighton Aldridge Community Academy,179.99999999999997,6.112169229984252,35.41936309463071,2026,180,0.9999999999999999,30.75459737797337,E. Shrink + move + redrawn catchments
Cardinal Newman Catholic School,266.7468422265135,12.566053462872596,32.89823965627467,2026,360,0.7409634506292041,30.75459737797337,E. Shrink + move + redrawn catchments
Dorothy Stringer School,270,6.853338696000242,33.37357234734691,2026,270,1,30.75459737797337,E. Shrink + move + redrawn catchments
Hove Park School,180,3.6505500447311583,26.580059685904214,2026,180,1,30.75459737797337,E. Shrink + move + redrawn catchments
King's School,180,9.168572729119084,44.7658943185509,2026,180,1,30.75459737797337,E. Shrink + move + redrawn catchments
Longhill High School,149.99999999999997,3.640175172540879,22.155312383073063,2026,150,0.9999999999999998,30.75459737797337,E. Shrink + move + redrawn catchments
Patcham High School,225,6.249933342297104,28.166780877310515,2026,225,1,30.75459737797337,E. Shrink + move + redrawn catchments
Peacehaven Community School,180,148.23447399634094,24.04476210603805,2026,180,1,30.75459737797337,E. Shrink + move + redrawn catchments
Portslade Aldridge Community Academy,220,4.386477888056711,24.517617882600028,2026,220,1,30.75459737797337,E. Shrink + move + redrawn catchments
Varndean School,299.99999999999994,8.35044462259336,33.62289538797961,2026,300,0.9999999999999998,30.75459737797337,E. Shrink + move + redrawn catchments
Blatchington Mill School,330,8.091675260536281,30.082340297072854,2028,330,1,30.573997447544055,E. Shrink + move + redrawn catchments
Brighton Aldridge Community Academy,155.98099831559333,5.640393663992066,35.157896946152015,2028,180,0.8665611017532963,30.573997447544055,E. Shrink + move + redrawn catchments
Cardinal Newman Catholic School,152.7504441111949,7.5651339338887595,32.080359705458065,2028,360,0.4243067891977636,30.573997447544055,E. Shrink + move + redrawn catchments
Dorothy Stringer School,270,7.617911807079499,33.99202961928565,2028,270,1,30.573997447544055,E. Shrink + move + redrawn catchments
Hove Park School,180,3.9925881705677195,26.852544828788314,2028,180,1,30.573997447544055,E. Shrink + move + redrawn catchments
King's School,123.34165202631416,6.767159804060144,44.44190054393915,2028,180,0.6852314001461898,30.573997447544055,E. Shrink + move + redrawn catchments
Longhill High School,150,4.075656382845288,22.585422310527182,2028,150,1,30.573997447544055,E. Shrink + move + redrawn catchments
Patcham High School,225,7.162360475571492,29.284850507825396,2028,225,1,30.573997447544055,E. Shrink + move + redrawn catchments
Peacehaven Community School,168.0749605477787,140.69256141177502,23.379046785965556,2028,180,0.9337497808209927,30.573997447544055,E. Shrink + move + redrawn catchments
Portslade Aldridge Community Academy,220.00000000000003,5.016465612643341,25.375355327770684,2028,220,1.0000000000000002,30.573997447544055,E. Shrink + move + redrawn catchments
Varndean School,300,9.296297512081946,34.223955746472555,2028,300,1,30.573997447544055,E. Shrink + move + redrawn catchments
Blatchington Mill School,330,9.104949620327671,30.430849881031325,2030,330,1,30.654675637456336,E. Shrink + move + redrawn catchments
Brighton Aldridge Community Academy,130.0536924323059,4.9236226330879935,34.386587269822925,2030,180,0.7225205135128105,30.654675637456336,E. Shrink + move + redrawn catchments
Cardinal Newman Catholic School,120.90721001669523,6.606994340564697,32.16672665402109,2030,360,0.33585336115748676,30.654675637456336,E. Shrink + move + redrawn catchments
Dorothy Stringer School,270,8.577896648342872,34.46442427830364,2030,270,1,30.654675637456336,E. Shrink + move + redrawn catchments
Hove Park School,180,4.507246469929699,27.227083944166054,2030,180,1,30.654675637456336,E. Shrink + move + redrawn catchments
King's School,97.2410993778737,5.915711587443047,44.68130283159734,2030,180,0.540228329877076,30.654675637456336,E. Shrink + move + redrawn catchments
Longhill High School,147.72584092578802,4.440459315015247,22.729211064709784,2030,150,0.9848389395052535,30.654675637456336,E. Shrink + move + redrawn catchments
Patcham High School,225,8.162701438690187,30.0080855084617,2030,225,1,30.654675637456336,E. Shrink + move + redrawn catchments
Peacehaven Community School,147.94387638803897,126.44676764663032,22.349319403157022,2030,180,0.8219104243779943,30.654675637456336,E. Shrink + move + redrawn catchments
Portslade Aldridge Community Academy,220,5.763673641411068,26.03573793029894,2030,220,1,30.654675637456336,E. Shrink + move + redrawn catchments
Varndean School,300,10.441621917407891,34.62546581894477,2030,300,1,30.654675637456336,E. Shrink + move + redrawn catchments
Blatchington Mill School,311.0566720871145,8.350982791909932,30.264793444338444,2033,330,0.9425959760215592,30.718475098475295,E. Shrink + move + redrawn catchments
Brighton Aldridge Community Academy,121.61937701451858,4.480620877459154,34.17630212649545,2033,180,0.6756632056362143,30.718475098475295,E. Shrink + move + redrawn catchments
Cardinal Newman Catholic School,111.52277187241125,6.012731191259754,32.174372759220084,2033,360,0.3097854774233646,30.718475098475295,E. Shrink + move + redrawn catchments
Dorothy Stringer School,270.00000000000006,8.611786494187271,34.75197479984049,2033,270,1.0000000000000002,30.718475098475295,E. Shrink + move + redrawn catchments
Hove Park School,180,4.4019051893558245,27.160721083069255,2033,180,1,30.718475098475295,E. Shrink + move + redrawn catchments
King's School,90.49440132773009,5.383942163655987,44.38424980627901,2033,180,0.5027466740429449,30.718475098475295,E. Shrink + move + redrawn catchments
Longhill High School,138.8009810181392,4.044985524974894,22.540093441120465,2033,150,0.9253398734542613,30.718475098475295,E. Shrink + move + redrawn catchments
Patcham High School,220.48304073969905,7.983236243985388,30.226440181449227,2033,225,0.9799246255097736,30.718475098475295,E. Shrink + move + redrawn catchments
Peacehaven Community School,135.3213930864973,115.48256692511777,22.39047682205068,2033,180,0.7517855171472072,30.718475098475295,E. Shrink + move + redrawn catchments
Portslade Aldridge Community Academy,215.60874825645232,5.577404458623936,26.083395563778875,2033,220,0.980039764802056,30.718475098475295,E. Shrink + move + redrawn catchments
Varndean School,300,10.46279614458475,34.861354009057585,2033,300,1,30.718475098475295,E. Shrink + move + redrawn catchments
Blatchington Mill School,288.85554966876714,7.3074784197010265,30.076012872789438,2035,330,0.8753198474811126,30.75979574592799,E. Shrink + move + redrawn catchments
Brighton Aldridge Community Academy,112.66682120461132,3.922256480737898,33.96688377252394,2035,180,0.6259267844700629,30.75979574592799,E. Shrink + move + redrawn catchments
Cardinal Newman Catholic School,101.94261535785742,5.263098589820676,32.186101718610125,2035,360,0.28317393154960396,30.75979574592799,E. Shrink + move + redrawn catchments
Dorothy Stringer School,270,8.430754683772967,35.090631305201526,2035,270,1,30.75979574592799,E. Shrink + move + redrawn catchments
Hove Park School,179.99999999999997,4.170804345306089,27.108080515501893,2035,180,0.9999999999999999,30.75979574592799,E. Shrink + move + redrawn catchments
King's School,83.84069692907472,4.7120396260360815,43.961708553558026,2035,180,0.4657816496059707,30.75979574592799,E. Shrink + move + redrawn catchments
Longhill High School,129.12569746755977,3.5491018748730654,22.36158182913465,2035,150,0.8608379831170652,30.75979574592799,E. Shrink + move + redrawn catchments
Patcham High School,204.72350851556044,6.989274728211443,29.941622559255567,2035,225,0.9098822600691575,30.75979574592799,E. Shrink + move + redrawn catchments
Peacehaven Community School,119.1462728934113,100.97728992811976,22.692648234856293,2035,180,0.6619237382967295,30.75979574592799,E. Shrink + move + redrawn catchments
Portslade Aldridge Community Academy,202.92170237067091,4.881255308544132,25.71170715254458,2035,220,0.9223713744121406,30.75979574592799,E. Shrink + move + redrawn catchments
Varndean School,300,10.214214032846508,35.1243560055034,2035,300,1,30.75979574592799,E. Shrink + move + redrawn catchments
Blatchington Mill School,330,6.625765978255788,29.34307668776565,2026,330,1,30.62610030729175,"F. Redrawn catchments, Longhill stays at Ovingdean"
Brighton Aldridge Community Academy,180,5.414736708921131,34.3611039147651,2026,180,1,30.62610030729175,"F. Redrawn catchments, Longhill stays at Ovingdean"
Cardinal Newman Catholic School,266.7463013286105,11.506694219146581,32.41958057672839,2026,360,0.7409619481350292,30.62610030729175,"F. Redrawn catchments, Longhill stays at Ovingdean"
Dorothy Stringer School,270,6.353153087242821,32.73076171130461,2026,270,1,30.62610030729175,"F. Redrawn catchments, Longhill stays at Ovingdean"
Hove Park School,180,3.251530423613336,26.18655341273922,2026,180,1,30.62610030729175,"F. Redrawn catchments, Longhill stays at Ovingdean"
King's School,180,8.347151398657283,44.118154214353204,2026,180,1,30.62610030729175,"F. Redrawn catchments, Longhill stays at Ovingdean"
Longhill High School,150,8.143491563709468,28.705258748820754,2026,150,1,30.62610030729175,"F. Redrawn catchments, Longhill stays at Ovingdean"
Patcham High School,225,5.49711533096754,27.550490418500306,2026,225,1,30.62610030729175,"F. Redrawn catchments, Longhill stays at Ovingdean"
Peacehaven Community School,180,148.1844247771365,24.0636672995207,2026,180,1,30.62610030729175,"F. Redrawn catchments, Longhill stays at Ovingdean"
Portslade Aldridge Community Academy,220,3.9939367093466154,24.27467883388857,2026,220,1,30.62610030729175,"F. Redrawn catchments, Longhill stays at Ovingdean"
Varndean School,300,7.783582122366172,32.738340972896694,2026,300,1,30.62610030729175,"F. Redrawn catchments, Longhill stays at Ovingdean"
Blatchington Mill School,330,7.383965363834689,29.659433388498826,2028,330,1,30.572557786885902,"F. Redrawn catchments, Longhill stays at Ovingdean"
Brighton Aldridge Community Academy,163.4897086884819,5.400077728917308,34.421321855157345,2028,180,0.908276159380455,30.572557786885902,"F. Redrawn catchments, Longhill stays at Ovingdean"
Cardinal Newman Catholic School,157.25989049232328,7.273490400386626,31.765712772957905,2028,360,0.43683302914534244,30.572557786885902,"F. Redrawn catchments, Longhill stays at Ovingdean"
Dorothy Stringer School,270,7.19839022565837,33.406466645097105,2028,270,1,30.572557786885902,"F. Redrawn catchments, Longhill stays at Ovingdean"
Hove Park School,180.00000000000003,3.6333876341161067,26.529835124652685,2028,180,1.0000000000000002,30.572557786885902,"F. Redrawn catchments, Longhill stays at Ovingdean"
King's School,126.756085063464,6.4581365857307125,44.0105538912985,2028,180,0.7042004725748,30.572557786885902,"F. Redrawn catchments, Longhill stays at Ovingdean"
Longhill High School,135.87638685717965,7.912474943574195,28.521405734281963,2028,150,0.9058425790478644,30.572557786885902,"F. Redrawn catchments, Longhill stays at Ovingdean"
Patcham High School,225.00000000000003,6.418251879320887,28.698292950866396,2028,225,1.0000000000000002,30.572557786885902,"F. Redrawn catchments, Longhill stays at Ovingdean"
Peacehaven Community School,166.76591193917704,139.73568978177624,23.282211550617347,2028,180,0.9264772885509835,30.572557786885902,"F. Redrawn catchments, Longhill stays at Ovingdean"
Portslade Aldridge Community Academy,220,4.66266543091518,25.19994015421065,2028,220,1,30.572557786885902,"F. Redrawn catchments, Longhill stays at Ovingdean"
Varndean School,300,8.823209092078114,33.37862131493907,2028,300,1,30.572557786885902,"F. Redrawn catchments, Longhill stays at Ovingdean"
Blatchington Mill School,330,8.199518509810808,30.098707028130423,2030,330,1,30.748485487880583,"F. Redrawn catchments, Longhill stays at Ovingdean"
Brighton Aldridge Community Academy,141.14206112466246,4.825449568675521,33.89518005994653,2030,180,0.7841225618036803,30.748485487880583,"F. Redrawn catchments, Longhill stays at Ovingdean"
Cardinal Newman Catholic School,129.45360552760485,6.5011502170534605,32.0038198288049,2030,360,0.35959334868779125,30.748485487880583,"F. Redrawn catchments, Longhill stays at Ovingdean"
Dorothy Stringer School,270,7.958400748657687,33.931596036876435,2030,270,1,30.748485487880583,"F. Redrawn catchments, Longhill stays at Ovingdean"
Hove Park School,180,4.047409821891313,26.978477718676242,2030,180,1,30.748485487880583,"F. Redrawn catchments, Longhill stays at Ovingdean"
King's School,103.86414921985636,5.777406200205643,44.48148714606243,2030,180,0.5770230512214242,30.748485487880583,"F. Redrawn catchments, Longhill stays at Ovingdean"
Longhill High School,119.55621823649469,7.032436110519631,27.905231439126087,2030,150,0.7970414549099646,30.748485487880583,"F. Redrawn catchments, Longhill stays at Ovingdean"
Patcham High School,225,7.188664553011741,29.462349737526704,2030,225,1,30.748485487880583,"F. Redrawn catchments, Longhill stays at Ovingdean"
Peacehaven Community School,149.85592163976855,127.32157883396034,22.5298784996139,2030,180,0.8325328979987142,30.748485487880583,"F. Redrawn catchments, Longhill stays at Ovingdean"
Portslade Aldridge Community Academy,220,5.2756199881692085,25.934174636246325,2030,220,1,30.748485487880583,"F. Redrawn catchments, Longhill stays at Ovingdean"
Varndean School,300,9.719392707263419,33.81731199402283,2030,300,1,30.748485487880583,"F. Redrawn catchments, Longhill stays at Ovingdean"
Blatchington Mill School,321.24881848597914,8.04301780751893,30.17096856321054,2033,330,0.9734812681393308,30.860216099965903,"F. Redrawn catchments, Longhill stays at Ovingdean"
Brighton Aldridge Community Academy,128.3894253724924,4.302657983224735,33.55442260678791,2033,180,0.7132745854027356,30.860216099965903,"F. Redrawn catchments, Longhill stays at Ovingdean"
Cardinal Newman Catholic School,114.68841310605463,5.797769365511611,32.08147860582162,2033,360,0.3185789252945962,30.860216099965903,"F. Redrawn catchments, Longhill stays at Ovingdean"
Dorothy Stringer School,270,8.130752868290555,34.25828010364517,2033,270,1,30.860216099965903,"F. Redrawn catchments, Longhill stays at Ovingdean"
Hove Park School,180,4.089939494153388,27.101120479368646,2033,180,1,30.860216099965903,"F. Redrawn catchments, Longhill stays at Ovingdean"
King's School,92.26553050864075,5.155166183623839,44.489282253804284,2033,180,0.5125862806035597,30.860216099965903,"F. Redrawn catchments, Longhill stays at Ovingdean"
Longhill High School,109.96789896882844,6.249453766648746,27.52116320352968,2033,150,0.7331193264588562,30.860216099965903,"F. Redrawn catchments, Longhill stays at Ovingdean"
Patcham High School,225,7.403427713329398,29.948198357611222,2033,225,1,30.860216099965903,"F. Redrawn catchments, Longhill stays at Ovingdean"
Peacehaven Community School,135.10209720772843,114.96048980037196,22.352913180212177,2033,180,0.7505672067096024,30.860216099965903,"F. Redrawn catchments, Longhill stays at Ovingdean"
Portslade Aldridge Community Academy,218.24425508518905,5.35203869433411,26.23083541421306,2033,220,0.9920193412963139,30.860216099965903,"F. Redrawn catchments, Longhill stays at Ovingdean"
Varndean School,300,9.908850411291786,34.09087414462053,2033,300,1,30.860216099965903,"F. Redrawn catchments, Longhill stays at Ovingdean"
Blatchington Mill School,297.7628003892788,6.9667642095277715,29.9620588690603,2035,330,0.9023115163311479,30.904067383385712,"F. Redrawn catchments, Longhill stays at Ovingdean"
Brighton Aldridge Community Academy,118.31954230065776,3.727119176377227,33.36363828148728,2035,180,0.6573307905592097,30.904067383385712,"F. Redrawn catchments, Longhill stays at Ovingdean"
Cardinal Newman Catholic School,104.39056866301281,5.022712353289127,32.10293338076449,2035,360,0.28997380184170224,30.904067383385712,"F. Redrawn catchments, Longhill stays at Ovingdean"
Dorothy Stringer School,270,7.923546020136707,34.6324863654057,2035,270,1,30.904067383385712,"F. Redrawn catchments, Longhill stays at Ovingdean"
Hove Park School,180,3.8431764745412376,27.03045861516539,2035,180,1,30.904067383385712,"F. Redrawn catchments, Longhill stays at Ovingdean"
King's School,85.22458110011009,4.467354459723367,44.04115511060934,2035,180,0.4734698950006116,30.904067383385712,"F. Redrawn catchments, Longhill stays at Ovingdean"
Longhill High School,101.99121917215639,5.403638765472851,27.30073858743256,2035,150,0.6799414611477093,30.904067383385712,"F. Redrawn catchments, Longhill stays at Ovingdean"
Patcham High School,211.7830813577458,6.600105534874973,29.863080900129855,2035,225,0.9412581393677592,30.904067383385712,"F. Redrawn catchments, Longhill stays at Ovingdean"
Peacehaven Community School,118.72016044707799,100.25251995600796,22.618907254371308,2035,180,0.659556446928211,30.904067383385712,"F. Redrawn catchments, Longhill stays at Ovingdean"
Portslade Aldridge Community Academy,205.03043369932212,4.636887565326471,25.83094157571459,2035,220,0.9319565168151005,30.904067383385712,"F. Redrawn catchments, Longhill stays at Ovingdean"
Varndean School,299.99999999999994,9.63467397106569,34.39418434419653,2035,300,0.9999999999999998,30.904067383385712,"F. Redrawn catchments, Longhill stays at Ovingdean"
Blatchington Mill School,330,7.4827891961784685,30.063237275249357,2026,330,1,31.029331612570093,"G. Elm Grove, PAN 120, redrawn catchments"
Brighton Aldridge Community Academy,179.99999999999997,6.002303990824793,35.388170839854,2026,180,0.9999999999999999,31.029331612570093,"G. Elm Grove, PAN 120, redrawn catchments"
Cardinal Newman Catholic School,296.7470184740452,14.103999807440198,33.43347007749921,2026,360,0.8242972735390145,31.029331612570093,"G. Elm Grove, PAN 120, redrawn catchments"
Dorothy Stringer School,270,6.858599527941737,33.53768098989629,2026,270,1,31.029331612570093,"G. Elm Grove, PAN 120, redrawn catchments"
Hove Park School,180.00000000000003,3.68942342207345,26.800924737245193,2026,180,1.0000000000000002,31.029331612570093,"G. Elm Grove, PAN 120, redrawn catchments"
King's School,180,9.162360211256036,45.1409157176631,2026,180,1,31.029331612570093,"G. Elm Grove, PAN 120, redrawn catchments"
Longhill High School,120,2.598793274722859,21.079969061119353,2026,120,1,31.029331612570093,"G. Elm Grove, PAN 120, redrawn catchments"
Patcham High School,225,6.242785813294296,28.31120839884367,2026,225,1,31.029331612570093,"G. Elm Grove, PAN 120, redrawn catchments"
Peacehaven Community School,180,147.7582421648187,24.130538833705916,2026,180,1,31.029331612570093,"G. Elm Grove, PAN 120, redrawn catchments"
Portslade Aldridge Community Academy,220,4.403833531630485,24.691371855111214,2026,220,1,31.029331612570093,"G. Elm Grove, PAN 120, redrawn catchments"
Varndean School,300,8.327774041284973,33.71669158523998,2026,300,1,31.029331612570093,"G. Elm Grove, PAN 120, redrawn catchments"
Blatchington Mill School,330,7.873822732476396,30.26112198968565,2028,330,1,30.840814357397683,"G. Elm Grove, PAN 120, redrawn catchments"
Brighton Aldridge Community Academy,165.05037639905942,5.783557221492677,35.44507295420693,2028,180,0.9169465355503301,30.840814357397683,"G. Elm Grove, PAN 120, redrawn catchments"
Cardinal Newman Catholic School,162.00400351221887,7.755861833619763,32.32653365488623,2028,360,0.45001112086727463,30.840814357397683,"G. Elm Grove, PAN 120, redrawn catchments"
Dorothy Stringer School,270,7.32458070193788,34.05589462351131,2028,270,1,30.840814357397683,"G. Elm Grove, PAN 120, redrawn catchments"
Hove Park School,180,3.88362268971876,27.002779041725034,2028,180,1,30.840814357397683,"G. Elm Grove, PAN 120, redrawn catchments"
King's School,130.4950794651445,6.935502387193747,44.86070186673945,2028,180,0.7249726636952473,30.840814357397683,"G. Elm Grove, PAN 120, redrawn catchments"
Longhill High School,120,2.8034968832481733,21.432617205687237,2028,120,1,30.840814357397683,"G. Elm Grove, PAN 120, redrawn catchments"
Patcham High School,225,6.892540251969606,29.358969510733353,2028,225,1,30.840814357397683,"G. Elm Grove, PAN 120, redrawn catchments"
Peacehaven Community School,172.59909147562334,142.87694183571415,23.844339652500217,2028,180,0.9588838415312407,30.840814357397683,"G. Elm Grove, PAN 120, redrawn catchments"
Portslade Aldridge Community Academy,220.00000000000003,4.866633207459271,25.526632732220836,2028,220,1.0000000000000002,30.840814357397683,"G. Elm Grove, PAN 120, redrawn catchments"
Varndean School,300,8.921663751211174,34.25089311340459,2028,300,1,30.840814357397683,"G. Elm Grove, PAN 120, redrawn catchments"
Blatchington Mill School,330,8.837140133657693,30.596777011316778,2030,330,1,30.89055751150325,"G. Elm Grove, PAN 120, redrawn catchments"
Brighton Aldridge Community Academy,138.46706949117953,5.078714366204423,34.694970358029906,2030,180,0.7692614971732196,30.89055751150325,"G. Elm Grove, PAN 120, redrawn catchments"
Cardinal Newman Catholic School,129.2579948713769,6.813748505643216,32.39114150790279,2030,360,0.3590499857538247,30.89055751150325,"G. Elm Grove, PAN 120, redrawn catchments"
Dorothy Stringer School,270,8.230713597257825,34.51762985934686,2030,270,1,30.89055751150325,"G. Elm Grove, PAN 120, redrawn catchments"
Hove Park School,180,4.372737242841741,27.365467465429617,2030,180,1,30.89055751150325,"G. Elm Grove, PAN 120, redrawn catchments"
King's School,103.700684393915,6.098503014205937,45.073073843050366,2030,180,0.5761149132995278,30.89055751150325,"G. Elm Grove, PAN 120, redrawn catchments"
Longhill High School,120,3.1144340566597166,21.626471054208217,2030,120,1,30.89055751150325,"G. Elm Grove, PAN 120, redrawn catchments"
Patcham High School,225,7.837813527317615,30.06736547087088,2030,225,1,30.89055751150325,"G. Elm Grove, PAN 120, redrawn catchments"
Peacehaven Community School,152.4457812181825,128.9304642298465,22.820359589388286,2030,180,0.8469210067676806,30.89055751150325,"G. Elm Grove, PAN 120, redrawn catchments"
Portslade Aldridge Community Academy,220,5.575933111533458,26.173386352948377,2030,220,1,30.89055751150325,"G. Elm Grove, PAN 120, redrawn catchments"
Varndean School,300,10.001445698807332,34.642634440322645,2030,300,1,30.89055751150325,"G. Elm Grove, PAN 120, redrawn catchments"
Blatchington Mill School,315.0091019548037,8.442029449197706,30.465906160473946,2033,330,0.954573036226678,30.904825098750866,"G. Elm Grove, PAN 120, redrawn catchments"
Brighton Aldridge Community Academy,124.96206597330337,4.529549046389271,34.288397165647766,2033,180,0.6942336998516854,30.904825098750866,"G. Elm Grove, PAN 120, redrawn catchments"
Cardinal Newman Catholic School,114.08234672664989,6.077935130102763,32.33966487680336,2033,360,0.31689540757402745,30.904825098750866,"G. Elm Grove, PAN 120, redrawn catchments"
Dorothy Stringer School,270,8.471887363096961,34.80293022964302,2033,270,1,30.904825098750866,"G. Elm Grove, PAN 120, redrawn catchments"
Hove Park School,180,4.3908895885096495,27.324040273549027,2033,180,1,30.904825098750866,"G. Elm Grove, PAN 120, redrawn catchments"
King's School,92.137964152267,5.441584303824265,44.762949557812625,2033,180,0.5118775786237055,30.904825098750866,"G. Elm Grove, PAN 120, redrawn catchments"
Longhill High School,120,3.1892871805296763,21.757456516666306,2033,120,1,30.904825098750866,"G. Elm Grove, PAN 120, redrawn catchments"
Patcham High School,224.07296768869685,8.070034898586123,30.47108458688458,2033,225,0.9958798563942082,30.904825098750866,"G. Elm Grove, PAN 120, redrawn catchments"
Peacehaven Community School,136.88144793288777,116.26224456001161,22.582700828138172,2033,180,0.7604524885160432,30.904825098750866,"G. Elm Grove, PAN 120, redrawn catchments"
Portslade Aldridge Community Academy,217.7613442323216,5.637728424368381,26.34084894149944,2033,220,0.9898242919650981,30.904825098750866,"G. Elm Grove, PAN 120, redrawn catchments"
Varndean School,300,10.279787155367528,34.88757403500896,2033,300,1,30.904825098750866,"G. Elm Grove, PAN 120, redrawn catchments"
Blatchington Mill School,290.79599721647986,7.351079368813893,30.17906231884472,2035,330,0.8811999915650904,30.85264105050836,"G. Elm Grove, PAN 120, redrawn catchments"
Brighton Aldridge Community Academy,114.2829464121088,3.945699009165114,34.02560556074063,2035,180,0.6349052578450489,30.85264105050836,"G. Elm Grove, PAN 120, redrawn catchments"
Cardinal Newman Catholic School,103.1736005287973,5.294338143147908,32.26980145842087,2035,360,0.2865933348022147,30.85264105050836,"G. Elm Grove, PAN 120, redrawn catchments"
Dorothy Stringer School,270,8.359859800379315,35.11610884081507,2035,270,1,30.85264105050836,"G. Elm Grove, PAN 120, redrawn catchments"
Hove Park School,179.99999999999997,4.165934112893231,27.1912067606673,2035,180,0.9999999999999999,30.85264105050836,"G. Elm Grove, PAN 120, redrawn catchments"
King's School,84.6332147256444,4.739656211400901,44.157947154710236,2035,180,0.47018452625358,30.85264105050836,"G. Elm Grove, PAN 120, redrawn catchments"
Longhill High School,120,3.1470732797595597,21.964078685524672,2035,120,1,30.85264105050836,"G. Elm Grove, PAN 120, redrawn catchments"
Patcham High School,206.47113096441785,7.030869567013061,30.06789162044771,2035,225,0.9176494709529682,30.85264105050836,"G. Elm Grove, PAN 120, redrawn catchments"
Peacehaven Community School,119.88957500217555,101.35108705467766,22.794989982397503,2035,180,0.6660531944565308,30.85264105050836,"G. Elm Grove, PAN 120, redrawn catchments"
Portslade Aldridge Community Academy,203.97605440177605,4.910153066029496,25.843263374411325,2035,220,0.9271638836444366,30.85264105050836,"G. Elm Grove, PAN 120, redrawn catchments"
Varndean School,300,10.121810512284542,35.13721707035564,2035,300,1,30.85264105050836,"G. Elm Grove, PAN 120, redrawn catchments"
